Date,estrategia,bh_equal_weight,ibov,cdi
2013-01-03,1000265.5500000017,1000265.5500000017,1000000.0,1000000.0
2013-01-04,1000347.5448152986,1000129.0379249343,987537.9075056862,1000265.93
2013-01-07,999817.3373775613,996225.7205482062,978218.9790245135,1000531.5506177116
2013-01-08,995552.6374933985,990759.6844790805,965504.1698256255,1000796.8715743043
2013-01-09,998040.6148179487,994316.6936682825,972627.62193581,1001061.8925938657
2013-01-10,999112.1232466697,995734.5642533775,974191.3065453627,1001327.3541865437
2013-01-11,998563.1353413705,996222.822284286,971332.4488248674,1001593.2566654481
2013-01-14,1000670.5223310806,1000240.8820235102,980556.6085418246,1001859.6103601932
2013-01-15,999913.8140550915,998276.2338098311,974981.0462471569,1002126.4055744321
2013-01-16,1000717.6730392191,998971.0554488216,975912.9390952742,1002393.2718362366
2013-01-17,999825.8179245503,999366.8529749059,982341.4202678797,1002660.2091645267
2013-01-18,999897.1117484233,999074.1746422519,978582.2592873389,1002926.4655830703
2013-01-21,1000161.9842799569,1000425.7807196942,977697.7508213293,1003193.173818063
2013-01-22,999890.2450449945,999305.5022982034,974412.4336618651,1003459.9529787764
2013-01-23,999717.0480541352,999455.3059824686,978740.2072276977,1003726.803084072
2013-01-24,999200.7715765563,996437.7684403138,966167.5511751326,1003993.7241528163
2013-01-28,996710.3686603981,992013.550863123,948114.1015921152,1004261.0876815582
2013-01-29,997508.8969689452,993821.2737190087,954100.3285317159,1004528.8939858102
2013-01-30,996181.8503068151,991267.376016622,937215.693707354,1004796.7717059695
2013-01-31,996252.1745770077,992985.4689606635,943912.6863785696,1005064.7208610805
2013-02-01,999859.2195642961,997618.7211743825,953231.6148597422,1005332.7414701926
2013-02-04,999155.0310674154,996695.7796064136,940990.6494819308,1005601.2055254746
2013-02-05,999432.8950571496,997949.8058198958,938921.5314632297,1005869.7412713981
2013-02-06,999495.0355561541,998374.1590782551,931118.9032095021,1006138.3487271073
2013-02-07,998490.8646008633,996306.0176013694,921973.7174627243,1006406.6556405625
2013-02-08,997814.1620119206,994334.6324498114,923963.8615112458,1006675.0341034222
2013-02-13,998341.420861004,995844.3305383811,922510.7404599444,1006943.4841347667
2013-02-14,998600.099534512,995725.9808394308,917314.253222138,1007211.6331845919
2013-02-15,999596.475191314,995186.3149591405,914565.9590598939,1007479.8536425089
2013-02-18,998140.6845354122,992578.6165563501,910001.2635835229,1007748.1455275341
2013-02-19,997534.7399510336,990982.5857411906,905262.8253727572,1008016.1359918744
2013-02-20,994370.8398784626,986336.4993041527,887319.9393479909,1008284.9436548594
2013-02-21,994015.1776546142,984648.1089455487,886956.6590851655,1008553.8230007838
2013-02-22,997600.8693416842,989212.560033796,895517.4374526156,1008823.147213678
2013-02-25,997891.674800661,989432.4568032437,894269.6487237806,1009094.0364051679
2013-02-26,998918.196677958,994857.3757932828,899497.7255496589,1009364.2516062363
2013-02-27,1000572.9692649029,996145.3255416633,904631.0336113217,1009634.5391655313
2013-02-28,1000547.1044273374,997012.1125158188,907000.2527167046,1009904.899102429
2013-03-01,999965.5851718801,995818.5822012614,898471.0639373263,1010175.3314363105
2013-03-04,999840.5148507543,995468.6874183782,892390.0682335102,1010446.2099514351
2013-03-05,998265.1515889848,993341.6543444156,883734.5211018448,1010717.1611026336
2013-03-06,1004632.8129367463,1001436.6409219338,915150.3664392217,1010988.1849093832
2013-03-07,1007629.4313863913,1003318.6369970174,929476.24462977,1011259.2813911665
2013-03-08,1007190.1143281406,1004459.6093508858,922937.1998989133,1011530.4505674713
2013-03-11,1007441.5698585504,1004337.9473910778,924706.2168309325,1011801.6924577908
2013-03-12,1006083.5452511259,1001603.9767845114,919399.1660348749,1012073.0070816233
2013-03-13,1004404.5838983976,999331.4826704495,906400.050543341,1012344.3944584721
2013-03-14,1003654.3842832996,997258.0173713813,904741.597169573,1012615.854607846
2013-03-15,1000074.7052592115,992392.4082248837,898234.142026788,1012887.387549259
2013-03-18,1001473.4646970717,993654.6582437387,899876.8006065201,1013158.99330223
2013-03-19,999265.5606371546,991663.655343791,890210.386656558,1013430.671886284
2013-03-20,996593.4301425973,989458.056815089,884982.3098306798,1013702.4233209502
2013-03-21,994636.8129059777,985953.1482545718,877827.2681324235,1013974.2476257635
2013-03-22,994030.3172018982,985163.2955537941,872551.8069244378,1014246.1448202644
2013-03-25,992596.7404029006,983508.4190560165,866707.7331311599,1014518.1149239978
2013-03-26,996246.4744850809,988382.0421517936,879311.9787717968,1014790.1579565146
2013-03-27,997267.152712878,990040.6199889123,885045.4890068234,1015062.2739373705
2013-03-28,999317.1994731192,991645.178339432,890068.233510235,1015335.2140322097
2013-04-01,1002654.6486849972,994895.2487954852,882960.5761940865,1015608.6031919399
2013-04-02,999262.0260857524,991445.239899794,866960.4498357341,1015882.0659644355
2013-04-03,1001039.4577169326,993768.3234992318,877606.1410159211,1016155.2264931527
2013-04-04,999249.5237233107,990214.2707125504,863153.9044730857,1016428.4604720045
2013-04-05,1003813.0441439601,995240.8347853529,869519.2064695476,1016701.767920741
2013-04-08,1005564.615950358,997097.6798294507,870166.793025019,1016975.1488591173
2013-04-09,1007886.7087809619,1000294.1926916664,883118.5241344452,1017248.6033068941
2013-04-10,1011185.3645750957,1005207.6109133073,887462.0924943138,1017522.1312838374
2013-04-11,1008878.7554368025,1001604.5014136503,875047.3843821076,1017795.7328097185
2013-04-12,1006887.0586809852,997082.37081959,868129.2645943897,1018069.4079043138
2013-04-15,999764.6178936401,987395.0307908393,836334.3442001516,1018343.1565874054
2013-04-16,1002565.0860155997,992472.010343181,852776.7247915088,1018616.6020918122
2013-04-17,998276.4644160348,984635.3013175525,835260.2982057114,1018890.121021806
2013-04-18,1000221.9731282241,986584.2924272231,839746.019711903,1019172.7815191799
2013-04-19,1004958.8807281866,993235.5859171626,851797.4475612838,1019455.5204322289
2013-04-22,1005868.5349856523,994260.0703630704,857625.7265605256,1019738.3377827072
2013-04-23,1009475.6215021694,1000064.1223500001,866897.2706595906,1020021.2335923748
2013-04-24,1007820.4058981517,997498.7586950577,868460.9552691433,1020304.2078829982
2013-04-25,1005347.4082808259,995690.7486139057,868129.2645943897,1020587.260676349
2013-04-26,1005225.2671911853,995373.6945850782,856899.1660348749,1020870.0143769195
2013-04-29,1003608.9616209681,992591.8826374115,866928.8602476624,1021152.8464144026
2013-04-30,1009977.4271386792,1002781.1233020726,883086.9345463736,1021435.7568105017
2013-05-02,1006258.9810874446,998592.0604936855,873799.5956532727,1021718.7455869258
2013-05-03,1005525.9686005306,998670.1193685957,876421.5314632297,1022001.8127653907
2013-05-06,1003631.1312372657,996590.2179832069,875505.4334091484,1022285.336508288
2013-05-07,1007899.5876722935,1001841.9405749065,888852.0343694718,1022568.9389063423
2013-05-08,1007347.3336568477,1000969.6903341415,881428.4811726055,1022852.2416308662
2013-05-09,1006630.1680057585,1000339.1960311356,875789.7397017943,1023136.0012997393
2013-05-10,1006927.5719783277,1000781.5005363759,870419.5097295932,1023419.4611288995
2013-05-13,1003482.2176994594,996495.4442979841,859994.9456659085,1023702.6208254045
2013-05-14,1003301.2586492649,996763.7454943577,863454.0055597675,1023985.8588665344
2013-05-15,1003822.5168494444,997739.6305530966,867702.8051554208,1024269.1752739657
2013-05-16,1007544.1091409817,1001410.4379750174,865128.2537275713,1024552.5700693805
2013-05-17,1010914.8195982043,1005932.865790429,871304.0181956027,1024836.0432744672
2013-05-20,1014731.1320518276,1011135.4879812449,879785.8225928734,1025119.5949109204
2013-05-21,1017274.0238408523,1014804.1759967573,888694.0864291129,1025403.2250004404
2013-05-22,1021055.0794356486,1018520.4570795905,891284.4326509982,1025686.9335647335
2013-05-23,1020281.6701849676,1015870.4813292155,890036.6439221633,1025970.7206255122
2013-05-24,1021954.6398057245,1017614.5824004058,890921.1523881728,1026254.5862044949
2013-05-27,1021751.4435489194,1017766.6169234128,890763.204447814,1026538.530323406
2013-05-28,1022944.7901594043,1019314.1131821275,885077.0785948951,1026822.5530039759
2013-05-29,1017146.5471031914,1011022.9834222213,862948.5721506191,1027106.654267941
2013-05-31,1010550.8015777448,1004746.1017925576,845116.2496841041,1027409.7945258816
2013-06-03,1012401.5583297403,1003646.9008328943,852034.369471822,1027713.024252638
2013-06-04,1010871.0294014931,1001786.1838587532,853203.1842304777,1028016.3434746158
2013-06-05,1004534.8109739035,993232.1956391617,833949.3303007329,1028319.7522182289
2013-06-06,1005952.3000966301,993150.7188057762,835307.682587819,1028623.2505098985
2013-06-07,998031.14877437,984449.9321053169,815311.4733383877,1028926.838376054
2013-06-10,998708.1147886458,984725.4876847719,810541.4455395502,1029230.5158431322
2013-06-11,990426.5620342422,973577.879405886,786106.8991660349,1029534.282937578
2013-06-12,987024.0658666756,970205.3945155921,776803.7654788982,1029838.1396858442
2013-06-13,995001.9808888077,979121.6856595601,796294.5413191812,1030142.086114391
2013-06-14,988616.4090442384,971381.7677616786,779188.779378317,1030446.1222496867
2013-06-17,988316.1378691759,972285.3252914082,775350.6444275967,1030750.2481182076
2013-06-18,989748.9807177007,973802.6186151734,781289.4869850897,1031054.4637464371
2013-06-19,981253.7744000864,963552.8317608157,756460.0707606773,1031358.7691608672
2013-06-20,977678.0812600325,959069.2053385515,761530.1996461966,1031663.1643879974
2013-06-21,968455.6556393389,947370.1782792013,743239.8281526408,1031967.6494543349
2013-06-24,962702.7180861004,940589.0533971613,726007.7078594895,1032272.2243863947
2013-06-25,969386.0581863488,947095.6329159214,740665.2767247915,1032576.8892106999
2013-06-26,972475.6761810211,950899.1199917459,745072.0242608036,1032881.6439537816
2013-06-27,977801.8204719292,957575.893131556,751974.3492544857,1033186.488642178
2013-06-28,975276.0423703436,954588.7982813583,749573.5405610311,1033491.4233024358
2013-07-01,976316.8579338987,955996.6220868214,745988.122314885,1033796.4479611092
2013-07-02,963861.7570035184,942277.602120279,714382.7394490776,1034101.5626447604
2013-07-03,961731.561655547,940353.0289416796,711460.7025524387,1034406.7673799593
2013-07-04,967125.673563662,945384.3647081933,722817.1594642405,1034712.0621932837
2013-07-05,962174.9156836536,941455.6504749698,714082.6383623958,1035017.4471113194
2013-07-08,962227.4696541486,940695.6367213408,711966.1359615871,1035322.9221606598
2013-07-10,963875.0199912661,942854.5113996717,718394.6171341926,1035628.4873679061
2013-07-11,975581.9385511308,954964.6337766255,736448.06671721,1035953.1879675505
2013-07-12,967537.2915611147,947242.7226443405,719184.3568359868,1036277.9903705737
2013-07-15,976262.0451266516,956038.2591289929,738232.8784432651,1036602.8946088946
2013-07-16,977623.9352449466,957367.866104669,740286.2016679302,1036927.9007144413
2013-07-17,982387.0486928594,962220.3474170478,748783.8008592367,1037253.0087191522
2013-07-18,982993.1034416027,963158.283013049,752732.4993682082,1037578.2186549758
2013-07-19,980715.7996226297,961039.5849712291,748673.2373009856,1037903.5305538706
2013-07-22,989072.3366478721,969270.9503217605,767216.3254991155,1038228.9444478049
2013-07-23,989723.5104716964,969360.052631754,771101.8448319434,1038554.4603687575
2013-07-24,987068.0688047535,966688.2389792565,764057.3666919384,1038880.0783487168
2013-07-25,992004.633004068,971515.8019102486,775003.1589588071,1039205.7984196816
2013-07-26,991958.5596568286,971448.8749590153,780610.3108415466,1039531.6206136601
2013-07-29,995353.527487685,973966.1667829105,777293.4040940106,1039857.5449626709
2013-07-30,989513.8944118506,967855.0327080155,767026.7879706848,1040183.5714987428
2013-07-31,987120.6312538212,965228.0904922029,761846.0955269143,1040509.7002539147
2013-08-01,991687.6136567355,970676.0162863745,776171.9737174627,1040836.3058437272
2013-08-02,987111.8995025905,966101.4837687353,765636.8460955269,1041163.0139517685
2013-08-05,987696.1764687026,966348.6109101297,765036.6439221633,1041489.4497915327
2013-08-06,981535.8999975751,959739.8643767942,749020.7227697751,1041815.9879787258
2013-08-07,985033.6124454023,963020.7093738245,749415.5926206722,1042142.6285454367
2013-08-08,993721.5551565681,971685.0630087949,772823.4773818549,1042469.3715237646
2013-08-09,998620.1312447074,976727.9381016672,787765.3525398029,1042796.2169458184
2013-08-12,1000614.0223533784,977932.9134509966,794462.3452110185,1043123.1648437174
2013-08-13,999794.4766996042,977344.9112731711,799232.373009856,1043450.2152495907
2013-08-14,1000849.4650660584,977239.1178506437,803891.8372504422,1043777.368195578
2013-08-15,997865.0072595369,973956.3043629372,804081.3747788729,1044104.6237138283
2013-08-16,999438.0349935679,976246.072091771,814047.8898155168,1044431.9818365009
2013-08-19,997557.3154625033,975663.4779947135,814600.7076067728,1044759.442595766
2013-08-20,990283.8359146941,968401.9825935477,797747.6623704827,1045087.0060238029
2013-08-21,988574.3784062926,966724.8942669078,796136.5933788223,1045414.6721528014
2013-08-22,992968.5256211925,970952.5009290162,811820.8238564569,1045742.4410149613
2013-08-23,1001114.656472465,979222.3660024964,824440.8642911296,1046070.3126424927
2013-08-26,996253.4246310286,974130.3336316909,812310.4624715694,1046398.2870676153
2013-08-27,988148.5760675422,965281.3353408134,791192.8228455901,1046726.3643225597
2013-08-28,988405.7861500491,965312.0634550139,787638.9941875158,1047054.5444395655
2013-08-29,990734.1702463249,967896.908927601,788507.7078594895,1047401.9780785016
2013-08-30,995509.9033870227,973459.7561927628,789866.0601465757,1047749.5270028677
2013-09-02,1002841.2931391958,980383.752724664,818723.148850139,1048097.1912509176
2013-09-03,1000885.6484513016,977611.2215610895,815422.0368966389,1048444.9708609185
2013-09-04,1003958.6924556884,981522.0273109475,816843.5683598686,1048792.8658711496
2013-09-05,1008073.1899577657,985781.2839999199,826889.057366692,1049140.876319903
2013-09-06,1014506.173544458,991967.6865095001,848954.3846348244,1049489.0022454835
2013-09-09,1025587.869682576,1003761.1910071998,856899.1660348749,1049837.2436862083
2013-09-10,1026151.1230315596,1004700.9970231944,852587.187263078,1050185.6006804083
2013-09-11,1023364.738608563,1001358.812008389,846127.1165024008,1050534.0732664259
2013-09-12,1024083.5042826601,1001033.9341876974,841973.0856709628,1050882.6614826173
2013-09-13,1027709.1782998497,1004167.5885703047,849728.3295425827,1051231.3653673504
2013-09-16,1027918.7541725418,1004592.6884401521,850107.404599444,1051580.1849590065
2013-09-17,1032024.4004610793,1008502.3121471604,857199.2671215567,1051929.1202959795
2013-09-18,1041918.9220100753,1018143.7967459343,879817.4121809452,1052278.1714166761
2013-09-19,1038112.9892228066,1014049.9988362021,870229.9722011625,1052626.959539374
2013-09-20,1032128.7101543912,1007920.8811349582,854656.3052817791,1052975.473799408
2013-09-23,1035802.2501009044,1011858.5592245491,862427.3439474349,1053324.1034490282
2013-09-24,1035919.3523104279,1012341.9712930946,859726.4341672985,1053672.8485264392
2013-09-25,1035930.0985014465,1012590.0523435923,857041.3191811979,1054025.9448347087
2013-09-26,1034726.1450371981,1010453.4535460038,849491.4076320445,1054375.6917237237
2013-09-27,1038003.0347735743,1013720.2306677104,848796.4366944655,1054725.1750905022
2013-09-30,1031981.5834914909,1006759.6120254858,826667.9302501895,1055074.7742970379
2013-10-01,1035365.4290407037,1010780.9044675208,839951.3520343695,1055424.4893817261
2013-10-02,1035568.1672362796,1011210.2681787446,838703.5633055345,1055773.9298759156
2013-10-03,1031136.7028234039,1007023.5032322034,829068.7389436442,1056123.4860663582
2013-10-04,1033063.3572916781,1009811.859290525,834739.0700025272,1056478.1745779188
2013-10-07,1034691.3900460376,1012327.206453167,827915.7189790246,1056832.2109790016
2013-10-08,1034071.5128484464,1011496.2315561892,826257.2656052565,1057186.3660212227
2013-10-09,1036688.0242891655,1014775.883659751,829984.8369977255,1057542.1832364344
2013-10-10,1041708.7628096468,1020111.7338631847,837076.6995198382,1057917.7376165453
2013-10-11,1044245.6933808277,1023396.3141780872,839493.3030073288,1058291.8913828083
2013-10-14,1049691.7382252594,1030007.6684061483,855619.7877179681,1058667.3310141952
2013-10-15,1049954.9233082356,1030428.6448560717,868413.5708870357,1059042.903836546
2013-10-16,1051824.2346723203,1031673.8977468879,884082.0065706343,1059418.609897111
2013-10-17,1049583.891869066,1029447.9784418205,874368.2082385645,1059794.449243158
2013-10-18,1050520.151384401,1031440.7972015749,874684.1041192823,1060169.2667460218
2013-10-21,1053400.5738748433,1033885.35325906,885724.6651503665,1060545.3723950929
2013-10-22,1058301.991406484,1038769.3624840525,891774.0712661106,1060921.6114714039
2013-10-23,1052912.3434058933,1031982.5811238897,875663.3813495073,1061296.8276177328
2013-10-24,1048242.0996047199,1026803.5282215336,866770.9123073035,1061672.1764667563
2013-10-25,1048196.7849097459,1026782.9665813743,855351.2762193581,1062047.658065407
2013-10-28,1055203.1799624187,1033965.8130617994,869866.6919383372,1062423.272460635
2013-10-29,1051817.581313689,1031973.1689524743,861432.2719231742,1062799.019699406
2013-10-30,1050990.8989442266,1031233.2024771445,855651.3773060399,1063174.8998287031
2013-10-31,1055253.8890138678,1036365.3436200131,856962.3452110185,1063550.9128955253
2013-11-01,1051933.9050357,1033969.6033636207,853124.2102602982,1063927.0589468891
2013-11-04,1055039.8100473906,1037837.8445464354,859821.2029315138,1064301.7953355913
2013-11-05,1049418.5665662386,1031963.8348902985,850265.3525398029,1064676.6637139446
2013-11-06,1044049.1888400298,1025781.4389364586,843205.0796057619,1065051.6641284379
2013-11-07,1044422.8613902492,1026379.5433435695,833033.2322466515,1065426.7966255771
2013-11-08,1039835.4487113493,1020638.9547219136,825262.1935809957,1065802.0612518843
2013-11-11,1040456.8783341259,1021567.8631290838,831185.2413444528,1066177.4580538985
2013-11-12,1033863.2363855431,1014661.0498394927,818233.5102350265,1066552.9870781743
2013-11-13,1035544.0932293202,1016852.8919447676,824962.0924943138,1066928.6483712827
2013-11-14,1044618.0390558384,1027251.0939317095,844263.3308061663,1067304.4419798122
2013-11-18,1051880.9410313054,1034624.9519138742,857767.8797068486,1067680.367950366
2013-11-19,1040004.2731702513,1021586.6506805023,837645.3121051302,1068056.4263295655
2013-11-21,1039282.4414300628,1020411.4635685467,832196.1081627496,1068432.6171640472
2013-11-22,1040814.3847874703,1021714.7768882995,833980.9198888047,1068808.9405004645
2013-11-25,1039349.0965602746,1019431.412507659,825499.115491534,1069185.3963854876
2013-11-26,1036080.6244518216,1017386.6575379254,812594.7687642153,1069561.9848658023
2013-11-27,1038353.430898506,1019911.3295309365,819133.8134950721,1069938.705988112
2013-11-28,1040278.3677073834,1021504.7834088157,818912.6863785696,1070334.5619105534
2013-11-29,1046045.3826850872,1029068.7508544838,828942.3805913571,1070730.5642917692
2013-12-02,1039024.950029424,1020826.6754020894,809404.2203689663,1071126.713185946
2013-12-03,1030435.5030254854,1011622.3518100724,795252.0849128127,1071523.0086472908
2013-12-04,1029160.6554425393,1009717.558898501,793151.3773060399,1071919.4507300302
2013-12-05,1034295.7862994133,1014704.439206835,802185.9994945666,1072316.0394884113
2013-12-06,1036055.158880038,1016830.8468269901,804649.9873641648,1072712.3889429271
2013-12-09,1038874.988628373,1020039.2985571753,808140.6368460956,1073112.3712113926
2013-12-10,1036287.8920475836,1017970.6616487979,805423.9322719232,1073509.4013264934
2013-12-11,1029025.8639963176,1009656.0602694605,790813.7477887288,1073906.5783347962
2013-12-12,1028057.0659603437,1008358.237864356,791666.6666666666,1074303.9022906485
2013-12-13,1026726.3000393617,1005236.3664758217,790545.2362901188,1074701.3732484183
2013-12-16,1029221.3762161658,1005991.0154161464,794162.2441243366,1075102.0971494617
2013-12-17,1028577.7966532432,1005342.9089068539,791161.2332575183,1075499.8634233652
2013-12-18,1029408.0002035305,1006565.5471927144,798632.1708364923,1075897.7768628348
2013-12-19,1037324.711701264,1013401.4130860746,802675.6381096791,1076295.8375223186
2013-12-20,1034528.3520012118,1010333.9516468386,808472.3275208492,1076694.045456285
2013-12-23,1036280.6769292197,1009372.337061561,811157.4425069498,1077092.400719223
2013-12-26,1036784.7062359578,1009604.6386778917,809025.1453121051,1077490.9033656411
2013-12-27,1037405.1420494051,1010814.6229829944,809751.7058377559,1077889.5534500685
2013-12-30,1043408.3751914379,1016896.771695179,813542.4564063684,1078288.351027054
2014-01-02,1031865.3857556329,1004441.9152414849,795125.7265605256,1078687.2961511672
2014-01-03,1039540.2823281225,1011716.549516323,805234.3947434926,1079086.3888769974
2014-01-06,1040124.8437885818,1011530.7137215442,805123.8311852413,1079485.6292591542
2014-01-07,1035689.5977714217,1006935.8566388603,796531.4632297194,1079885.0173522676
2014-01-08,1035872.0058107543,1006438.0564812772,798853.2979529947,1080284.553210988
2014-01-09,1025660.2547418274,995073.7700201323,779030.831437958,1080684.2368899852
2014-01-10,1028506.6913459816,998315.7634254481,784938.0844073794,1081084.0684439498
2014-01-13,1028980.3660179883,997750.9380272327,780689.2848117261,1081484.0479275926
2014-01-14,1032362.072358469,1001941.0818802338,785048.6479656305,1081884.1753956452
2014-01-15,1034672.31146797,1004340.7365261111,791398.1551680566,1082284.4509028583
2014-01-16,1032115.653938193,1004519.2951943554,784938.0844073794,1082704.3989154976
2014-01-17,1028776.8252633886,1000346.3490346231,776819.560272934,1083127.2382914498
2014-01-20,1026313.9706611652,997363.0222034216,769332.8278999241,1083550.632728898
2014-01-21,1023602.919517822,994693.728704574,766710.8920899672,1083974.1926712317
2014-01-22,1030570.4763247351,1002058.3554526207,778683.3459691686,1084394.7963374718
2014-01-23,1022266.0199177378,993307.1384846608,763220.2426080364,1084815.563206347
2014-01-24,1014974.6664070301,979847.4804602822,754785.8225928734,1085236.4933411821
2014-01-27,1012874.8906531384,976905.0459235903,753427.4703057872,1085657.586805328
2014-01-28,1014101.4314069821,978008.4578132975,755638.7414708112,1086078.8436621602
2014-01-29,1007412.1825897653,973468.7989629064,751153.0199646197,1086500.263975078
2014-01-30,1004758.6766484712,969335.6230824643,746209.2494313874,1086921.8478075054
2014-01-31,1006706.7894089782,971152.5005798006,752448.1930755622,1087343.5952228915
2014-02-03,993014.2140310403,956898.2913746862,728898.1551680566,1087765.5062847098
2014-02-04,998112.0119623665,962644.7158675443,741786.7071013394,1088188.364247623
2014-02-05,993594.048927161,957494.8711838074,736416.4771291382,1088611.3865923404
2014-02-06,1003113.0233765191,967995.428703253,754011.877685115,1089034.5733827641
2014-02-07,1007391.2796001912,972972.7291204514,759318.9284811727,1089457.9246828214
2014-02-10,1002148.0868907734,965608.7076492414,753585.4182461461,1089881.4405564624
2014-02-11,1008130.0246409455,971550.3272593471,765463.1033611322,1090305.1210676644
2014-02-12,1007566.3823873211,970904.1867522984,761577.5840283043,1090728.9662804282
2014-02-13,1001417.9759037932,965606.3324323911,755196.4872378064,1091152.97625878
2014-02-14,1004233.4446817173,968118.6628751807,761324.8673237301,1091577.1510667708
2014-02-17,997329.6035321243,960212.9436118781,751453.1210513015,1092001.4907684766
2014-02-18,985747.0950700846,948333.9068432502,736037.4020722769,1092425.995427998
2014-02-19,991889.8776833594,954237.6123946985,744740.3335860501,1092850.6651094607
2014-02-20,995036.2340811159,957684.2168646378,746920.0151630023,1093275.4998770154
2014-02-21,999597.40096752,962310.9457641748,748357.3414202678,1093700.4997948376
2014-02-24,1000565.093373572,963905.7340929131,748562.6737427344,1094125.664927128
2014-02-25,996538.0517087094,959353.431069436,737869.5981804397,1094550.9953381117
2014-02-26,997297.2028080319,960836.6733052721,736021.6072782411,1094978.8553221894
2014-02-27,1008256.8508736306,971436.6492670479,751942.759666414,1095416.3212744677
2014-02-28,1004210.6191180567,967508.5241687676,743840.0303260046,1095853.9620031435
2014-03-05,1000408.772720871,963881.9346932842,735863.6593378822,1096290.2105068774
2014-03-06,1006488.0041575552,968296.2417690172,743824.2355319686,1096726.6326767781
2014-03-07,997589.3658007658,959178.3696695213,730414.4553955017,1097163.22858198
2014-03-10,988980.4432785459,950587.1812029844,719184.3568359868,1097599.9982916464
2014-03-11,992021.8349260854,954211.8158227756,721790.497851908,1098036.9418749663
2014-03-12,991885.7843171797,954617.3107895973,724380.8440737933,1098474.0594011573
2014-03-13,985804.2231092186,948788.5025388546,717778.620166793,1098911.350939464
2014-03-14,988974.5456364658,951093.2231705213,710228.7086176396,1099348.8165591597
2014-03-17,987663.4123723214,950204.5047654007,712629.5173110942,1099786.4563295436
2014-03-18,999267.9092979751,962390.5912901931,728929.7447561284,1100224.2703199438
2014-03-19,1002212.8491919916,965864.411507937,735516.1738690927,1100663.831920422
2014-03-20,1009467.9212228303,973707.0991881827,746746.2724286076,1101103.5691345506
2014-03-21,1008872.1890864396,973452.8096345422,748373.1362143038,1101543.4820324914
2014-03-24,1015614.5731974674,979787.9961988586,758039.5501642659,1101983.5706844328
2014-03-25,1015352.7072268232,979462.5902990074,760993.1766489765,1102423.8351605928
2014-03-26,1013831.6413469195,977470.4651119517,757613.090725297,1102864.2755312158
2014-03-27,1030218.7206174693,993132.6500436134,784164.1394996209,1103303.3147706625
2014-03-28,1032839.3269044503,994812.0389456379,786075.3095779631,1103742.5287872392
2014-03-31,1041426.7889774848,1004343.1020470589,796294.5413191812,1104181.9176505243
2014-04-01,1038851.5267339206,1001613.9082842622,794004.2961839777,1104621.4814301217
2014-04-02,1052569.9421078137,1015115.0907511901,816606.6464493303,1105061.2201956643
2014-04-03,1049067.5721329958,1011976.8258716676,811978.7717968158,1105511.035365345
2014-04-04,1048867.0435018078,1011595.2269878606,806829.668941117,1105961.0336322903
2014-04-07,1055396.894105689,1016802.9982160557,823777.4829416225,1106411.2150710302
2014-04-08,1052655.1336612236,1013687.7335910564,815469.4212787466,1106861.5797561249
2014-04-09,1045691.8079304425,1007031.6539040733,808456.5327268132,1107312.1277621647
2014-04-10,1045152.349684835,1007460.7418698381,807540.4346727319,1107762.8591637702
2014-04-11,1048823.3985623112,1012187.9397260245,819228.5822592874,1108213.7740355928
2014-04-14,1048574.4027393124,1011722.2119177553,814948.1930755622,1108664.872452314
2014-04-15,1038728.8002811966,1001994.7526538929,796910.5382865807,1109116.154488646
2014-04-16,1046427.0957194522,1010924.7594639971,808709.2494313874,1109567.6202193305
2014-04-17,1053470.630754342,1018230.4744150513,823098.3067980794,1110019.2697191408
2014-04-22,1053927.7473490643,1017673.309150633,820966.0096032348,1110471.10306288
2014-04-23,1048756.584310925,1011909.0810237634,814537.5284306293,1110923.1203253816
2014-04-24,1048111.1636393081,1010395.222215698,818438.842557493,1111375.3215815101
2014-04-25,1043408.1518427016,1006378.748210845,811836.6186504927,1111827.7069061599
2014-04-28,1044945.8028344719,1007729.9709876241,811599.6967399545,1112280.276374256
2014-04-29,1054497.9107237381,1016518.0361941508,818786.3280262825,1112733.0300607542
2014-04-30,1054181.7349348476,1016273.9119827166,815422.0368966389,1113185.9680406405
2014-05-02,1068289.7881781515,1031419.5829650906,836808.1880212282,1113639.0903889313
2014-05-05,1071627.8946704483,1034158.1076716961,844168.562041951,1114092.397180674
2014-05-06,1071985.9228489262,1034979.4404907741,849444.0232499369,1114545.8884909463
2014-05-07,1074875.9066560606,1038860.5078181121,853756.0020217337,1114999.5643948563
2014-05-08,1074371.2769638002,1038564.916897793,843789.4869850897,1115453.4249675435
2014-05-09,1069542.3493168866,1033437.5370330341,838703.5633055345,1115907.4702841763
2014-05-12,1078481.4449845466,1042804.359189154,853756.0020217337,1116361.7004199554
2014-05-13,1076961.8081921518,1041722.5606334299,851449.9620924944,1116816.1154501112
2014-05-14,1082923.1894309358,1047835.4357872041,859442.1278746525,1117270.7154499053
2014-05-15,1076222.0571871432,1040683.0097595706,850644.4275966642,1117725.5004946291
2014-05-16,1077167.1385762473,1042619.0223267563,852539.8028809704,1118180.4706596055
2014-05-19,1072743.1022512263,1038013.6318062965,842699.6461966136,1118635.6260201873
2014-05-20,1064703.1717794468,1029323.0448198623,827110.1844831944,1119090.9666517589
2014-05-21,1065362.7891237247,1030333.6168252975,824535.6330553449,1119546.4926297343
2014-05-22,1070615.0420340616,1036347.5108252212,834059.8938589841,1120002.2040295592
2014-05-23,1067319.141370464,1032754.0029696899,831216.8309325246,1120458.1009267094
2014-05-26,1070860.5954025413,1036525.7324308383,836050.0379075056,1120914.1833966917
2014-05-27,1066917.957651926,1031711.1726769543,824045.9944402325,1121370.4515150434
2014-05-28,1072512.0486963426,1037297.1683884242,831437.958049027,1121826.9053573324
2014-05-29,1072432.5395225715,1036641.3674900782,825104.2456406369,1122283.544999158
2014-05-30,1063896.3780562321,1028499.2558740202,809309.451604751,1122740.37051615
2014-06-02,1064713.7164368131,1029426.3519948364,815106.1410159211,1123197.3819839684
2014-06-03,1067265.3586089134,1032950.990220821,821834.7232752085,1123654.5794783048
2014-06-04,1068417.516941404,1035198.4198684013,818691.5592620672,1124111.9630748816
2014-06-05,1068106.112692338,1035171.6675459692,814363.7856962346,1124569.5328494513
2014-06-06,1081269.563107017,1048720.993068622,839161.6123325751,1125027.2888777973
2014-06-09,1092252.038981404,1059855.5721685076,857230.8567096285,1125486.8512750312
2014-06-10,1097708.2388898826,1066308.5131067177,862458.9335355067,1125944.9806978423
2014-06-11,1098551.996524376,1066473.712386833,870324.7409653778,1126403.2966022354
2014-06-13,1096217.073984523,1064567.9474290719,865665.2767247915,1126861.7990641175
2014-06-16,1095726.7742068714,1064155.6478144252,862869.5981804397,1127320.4881594263
2014-06-17,1096975.4960137736,1065898.2696043507,857657.3161485974,1127779.3639641316
2014-06-18,1103754.4590839478,1072506.415738308,871920.0151630023,1128238.426554233
2014-06-20,1096594.7704189727,1064365.5855354052,862995.9565327268,1128697.6760057618
2014-06-23,1093854.890868414,1061597.3899979389,856235.7846853677,1129157.1123947802
2014-06-24,1098098.490932933,1065938.4726782818,857357.2150619156,1129616.7357973803
2014-06-25,1092104.8833031405,1059692.7344421844,843852.6661612332,1130076.5462896868
2014-06-26,1091637.610683563,1059872.889242568,845116.2496841041,1130536.5439478538
2014-06-27,1088095.0314311362,1056938.2359943863,839603.86656558,1130996.7288480678
2014-06-30,1087446.0647456725,1057132.3066740797,839777.6092999747,1131457.1010665454
2014-07-01,1087000.3193732197,1056438.9142783224,839824.9936820824,1131917.6606795345
2014-07-02,1085629.8610940613,1055001.12497368,837582.1329289866,1132378.407763314
2014-07-03,1093697.7921630184,1063226.534679498,850944.528683346,1132839.342394194
2014-07-04,1095943.7813198152,1065475.9601116031,853787.5916098054,1133300.464648516
2014-07-07,1095289.1132270482,1065046.0799777298,849791.5087187263,1133761.774602651
2014-07-08,1093370.9185869098,1062000.3234887873,847153.7781147334,1134223.2723330029
2014-07-10,1099554.9886407652,1068806.0891552889,862285.190801112,1134684.957916006
2014-07-11,1100278.8031750768,1069681.087624035,865333.5860500379,1135146.8314281257
2014-07-14,1108900.6119099353,1076745.5030819143,880464.9987364165,1135608.8929458586
2014-07-15,1110156.1064178166,1077418.3921415422,884097.8013646702,1136071.1425457322
2014-07-16,1105156.9966161607,1073255.0830549824,880038.5392974475,1136533.5803043053
2014-07-17,1102036.6831115957,1069422.555393002,878790.7505686126,1136996.2062981683
2014-07-18,1113402.8938825883,1080882.4883924134,900508.5923679555,1137459.0206039415
2014-07-21,1116521.2409996304,1085016.307234705,910317.1594642405,1137922.0232982787
2014-07-22,1115870.1531567117,1085712.759272452,915829.5425827648,1138385.214457862
2014-07-23,1116433.014995781,1085411.0330785217,906937.073540561,1138848.594159407
2014-07-24,1118328.8859144053,1088108.1215781944,915750.5686125853,1139312.1624796595
2014-07-25,1116273.6359806738,1085141.55339826,913270.7859489513,1139775.919495397
2014-07-28,1113560.097827504,1082381.8605673907,911296.4366944655,1140239.8652834273
2014-07-29,1105864.0677414578,1074530.3954838414,902182.8405357595,1140703.999920591
2014-07-30,1102729.6432652364,1071465.0529744287,898376.2951731109,1141168.3234837586
2014-07-31,1096319.129676301,1063990.2449300345,881807.5562294668,1141632.8360498326
2014-08-01,1098458.1607904339,1066982.4386806993,882976.3709881223,1142097.5376957466
2014-08-04,1106839.0813870768,1076241.4626267308,894238.0591357088,1142562.839653579
2014-08-05,1103369.2076505444,1072831.440538912,887699.0144048522,1143028.3311800826
2014-08-06,1104715.7313555446,1073672.9227213939,892200.5307050796,1143494.0123524887
2014-08-07,1103760.9457711005,1072435.3419396624,887477.8872883498,1143959.8832480612
2014-08-08,1101856.5229616577,1069831.1646114585,877764.08895628,1144425.9439440954
2014-08-11,1107827.3026520875,1077395.7965631331,894190.6747536012,1144892.1945179177
2014-08-12,1107411.4422163023,1076009.615941722,891489.7649734648,1145358.635046886
2014-08-13,1105059.0228710286,1073439.1117887392,877890.4473085671,1145825.2656083906
2014-08-14,1107675.441429026,1076044.6664679868,881033.6113217084,1146292.0862798523
2014-08-15,1117068.9149194753,1086944.9390443715,899734.6474601971,1146759.5098038744
2014-08-18,1119325.9752507377,1088572.374220071,909164.1394996209,1147226.7110957638
2014-08-19,1127331.7423979451,1095894.635335354,923189.9166034875,1147694.1027301315
2014-08-20,1131784.6163496566,1100100.3479033432,929965.8832448825,1148162.9242941556
2014-08-21,1133839.8332148253,1103208.361505693,931766.4897649735,1148631.110689795
2014-08-22,1129640.6328189268,1097583.1367562858,922526.5352539803,1149099.074490601
2014-08-25,1137660.2812831188,1107345.8949872523,943502.0217336366,1149568.46997154
2014-08-26,1141968.7326444436,1111586.3658854703,944860.3740207228,1150038.0571958388
2014-08-27,1152538.3087757656,1124891.0900197122,962708.4912812737,1150506.594200721
2014-08-28,1148849.015411024,1120658.2785779985,952283.9272175891,1150976.5646393858
2014-08-29,1159331.6798887108,1132914.5250391702,968031.3368713672,1151445.4840015855
2014-09-01,1159888.382850441,1132269.418871111,965709.502148092,1151914.5944062227
2014-09-02,1163186.7978654073,1134453.6520025774,977634.5716451857,1152383.8959311298
2014-09-03,1165719.3010882277,1136075.1154252458,976702.6787970685,1152853.388654171
2014-09-04,1163157.2315429484,1130535.3929029363,960323.4773818549,1153323.0726532426
2014-09-05,1160687.8127147704,1129325.2091299603,958443.8968915845,1153792.9480062725
2014-09-08,1149123.9529791395,1113655.1636467082,934941.2433661865,1154263.0147912197
2014-09-09,1142694.9825260036,1105220.0278738353,926775.3348496335,1154733.273086076
2014-09-10,1139816.819472793,1100502.145172375,919241.2180945161,1155204.970080799
2014-09-11,1142209.083190606,1103860.6531768125,921420.8996714683,1155675.6121376595
2014-09-12,1133904.7877769964,1091527.7584706137,899166.0348749053,1156146.4459388005
2014-09-15,1139058.5819311119,1098848.5190968858,915292.5195855446,1156617.4715623406
2014-09-16,1142794.686017509,1106576.679719619,933709.2494313874,1157088.6890864298
2014-09-17,1142346.748120686,1105914.0303272847,933598.6858731362,1157560.0985892504
2014-09-18,1136667.527799051,1097196.2833464597,922005.3070507961,1158031.7001490162
2014-09-19,1135398.794204711,1093653.259252628,912765.3525398029,1158503.493843974
2014-09-22,1124134.758755369,1080319.5128952703,897428.6075309578,1158975.4797524011
2014-09-23,1125296.8552253612,1080826.8674067257,893053.4495830174,1159448.9096461253
2014-09-24,1126696.632139204,1083267.8160178442,897523.3762951731,1159922.532931227
2014-09-25,1122581.1182187889,1077437.2045170646,883908.2638362396,1160396.3496867039
2014-09-26,1126347.2953208317,1084069.980778909,903651.7563810968,1160869.10676353
2014-09-29,1109323.258108894,1061283.7633565993,862790.6242102603,1161342.0564463164
2014-09-30,1111022.3627100033,1059811.0795767233,854751.0740459944,1161815.1988135332
2014-10-01,1099641.5564018013,1046090.0555687973,834881.2231488501,1162288.5339436817
2014-10-02,1102583.0883552106,1049575.1631059838,845321.5820065707,1162762.061915296
2014-10-03,1112221.1515286553,1059779.2148536793,861448.06671721,1163235.7828069408
2014-10-06,1135477.619751457,1082364.625654511,902135.4561536517,1163709.6966972144
2014-10-07,1139436.490487907,1086738.605064275,907189.7902451352,1164185.060471218
2014-10-08,1136361.2583447653,1084115.5747402234,901219.3580995704,1164660.6184265702
2014-10-09,1140249.2323484404,1086742.4217662264,904536.2648471064,1165136.3706425915
2014-10-10,1122079.677189811,1067155.6616915434,873641.6477129138,1165612.3171986355
2014-10-13,1141057.1843397364,1083133.2222438212,915418.8779378317,1166087.1993127854
2014-10-14,1143928.048203613,1086105.151310553,916334.9759919131,1166563.5342728328
2014-10-15,1130472.6536058867,1071342.3390270956,886640.7632044478,1167038.803922331
2014-10-16,1116783.645326252,1057580.7594205155,857625.7265605256,1167515.5276033455
2014-10-17,1126717.381540041,1067569.1920834545,880149.1028556988,1167992.4460212162
2014-10-20,1118115.8038464568,1057357.9446121305,857704.700530705,1168469.5592554912
2014-10-21,1098003.8002980205,1038031.2806053908,828152.6408895628,1168946.8673857516
2014-10-22,1095391.2585309255,1035812.7906669618,827820.9502148092,1169424.3704916104
2014-10-23,1074918.24853154,1013228.9225070276,801001.3899418751,1169902.0686527125
2014-10-24,1089866.5229350473,1027056.734342761,820397.3970179429,1170379.9619487363
2014-10-27,1079947.4118699636,1020349.17300577,797700.277988375,1170858.050459393
2014-10-28,1097215.8337491497,1040337.3048323218,826541.5718979024,1171336.3342644253
2014-10-29,1089183.1222392938,1035034.7720471827,806308.4407379328,1171814.813443609
2014-10-30,1102087.285952696,1046672.4290860265,826652.1354561537,1172303.9641011849
2014-10-31,1118669.105954027,1064003.7733022152,862853.8033864038,1172792.0645796782
2014-11-03,1114130.5988840512,1058548.901295382,852081.7538539297,1173280.3682836867
2014-11-04,1117802.5919069161,1062023.2306676295,858984.0788476118,1173768.875297825
2014-11-05,1113100.742183117,1058875.7565100056,848148.8501389942,1174258.8416394405
2014-11-06,1102618.34154351,1048677.2721243864,831390.5736669194,1174749.0125077062
2014-11-07,1107485.7913278434,1054776.1801138567,840646.3229719484,1175239.3879879972
2014-11-10,1104115.0496821594,1049303.6137515646,832780.5155420774,1175729.9681657245
2014-11-11,1101511.0300483503,1046578.9478019029,828816.02223907,1176220.753126336
2014-11-12,1103286.852678465,1050297.0002732514,836792.3932271923,1176711.7429553135
2014-11-13,1093838.1911093548,1041150.8449664399,818896.8915845337,1177202.9377381753
2014-11-14,1090163.1459724077,1036352.8722525301,817728.0768258782,1177694.3375604756
2014-11-17,1083380.9719483263,1028591.9325971025,809593.757897397,1178185.9425078032
2014-11-18,1091863.9729972933,1036849.5113410517,822308.567096285,1178677.7526657842
2014-11-19,1104928.57535971,1049846.9935062928,843489.3858984079,1179169.7681200795
2014-11-21,1128979.2600090455,1074920.5001167154,885835.2287086176,1179661.9889563858
2014-11-24,1124614.7208496572,1071281.9399965506,875142.1531463229,1180154.4152604355
2014-11-25,1124673.5828358887,1071811.193619156,877574.5514278493,1180647.047117998
2014-11-26,1122817.2979544795,1071008.9609864773,870261.5617892343,1181139.8846148762
2014-11-27,1123140.789126228,1070760.7080962046,864306.9244377053,1181632.927836911
2014-11-28,1125165.9741405968,1072913.262408226,863406.6211776598,1182124.9125227453
2014-12-01,1101200.994994116,1047555.1299942833,825688.6530199646,1182617.1020513233
2014-12-02,1101740.7716135324,1046657.7407864551,815200.9097801364,1183109.4965079334
2014-12-03,1104488.462136937,1050607.617215983,826383.6239575436,1183603.3619050607
2014-12-04,1100491.8703907575,1045258.8459428234,812278.8728834976,1184118.5371043633
2014-12-05,1103793.7459038624,1048632.9896456222,821202.931513773,1184633.9365388234
2014-12-08,1090392.4943597033,1034797.1643118516,794067.4753601213,1185149.5603060413
2014-12-09,1087174.073639459,1031606.2765727844,792788.0970432146,1185664.567047472
2014-12-10,1078086.652418315,1024949.5576210322,782600.4548900683,1186179.7975850825
2014-12-11,1078826.350142697,1026434.2760980322,787544.2254233005,1186696.0942037797
2014-12-12,1064008.924544748,1011086.450600955,758181.7033105888,1187212.6155457424
2014-12-15,1050939.3444304497,997429.0220987654,742655.4207733131,1187729.361708785
2014-12-16,1046318.704474125,990604.9333862872,742481.6780389184,1188246.3327907624
2014-12-17,1063752.2761094181,1008399.4086343147,769427.5966641395,1188763.5288895727
2014-12-18,1062562.7499146275,1008112.8741941979,765984.3315643164,1189280.9501031572
2014-12-19,1072064.6418178168,1017517.7349745844,784227.3186757645,1189798.596529499
2014-12-22,1077549.127655924,1022388.2514632373,791650.8718726308,1190316.468266624
2014-12-23,1083269.6865738037,1028415.0923128773,803797.068486227,1190833.7202879093
2014-12-26,1085964.7114806832,1032402.1250067197,792029.946929492,1191351.1970810606
2014-12-29,1092485.2382629446,1038295.4514104021,799121.8094516047,1191869.744603102
2014-12-30,1086225.7015710825,1030854.2474031256,789850.2653525398,1192387.6716006196
2015-01-02,1073210.2988031125,1015806.6710449206,766237.0482688906,1192905.8236633136
2015-01-05,1063363.1419696936,1002913.138166286,750521.2282031842,1193424.2008889867
2015-01-06,1064154.3320574423,1002372.3609242324,758165.908516553,1193942.803375483
2015-01-07,1081368.2935233836,1017679.4596371779,781257.8973970179,1194461.6312206897
2015-01-08,1080984.6124553264,1018900.7747648063,788839.3985342431,1194980.6845225368
2015-01-09,1066643.37859259,1004686.352279334,771417.7407126611,1195499.9633789961
2015-01-12,1058502.943021336,994826.406625381,760361.3848875411,1196019.4678880824
2015-01-13,1059405.074085584,996713.7031765232,758813.4950720243,1196539.1981478531
2015-01-14,1059521.464681251,996864.8779273625,752558.7566338135,1197059.1542564083
2015-01-15,1059754.294572965,997272.6764777125,758560.7783674501,1197579.3363118905
2015-01-16,1068408.3153132515,1007602.0232653613,774213.4192570129,1198099.7444124848
2015-01-19,1055458.029061861,992937.5145227032,754327.7735658328,1198620.3786564195
2015-01-20,1057693.7286883865,994893.0816100854,756207.3540561032,1199141.2391419646
2015-01-21,1068523.6893685635,1005428.6109927053,777482.9416224413,1199662.3259674339
2015-01-22,1070720.5133220188,1006112.8832189834,780942.0015163003,1200205.7849977203
2015-01-23,1064478.584331916,999400.3334860043,770391.0791003285,1200749.0581462996
2015-01-26,1063157.7355808509,998192.3912623901,767263.7098812232,1201292.5772074694
2015-01-27,1061500.78515794,997905.3717962004,767484.8369977255,1201836.3422925423
2015-01-28,1054989.8350681204,990453.4427903475,753332.7015415719,1202380.353512881
2015-01-29,1057266.374510402,994610.999859244,754390.9527419762,1202924.6109798986
2015-01-30,1046728.7978137368,982904.3914361481,740902.1986353298,1203469.1148050588
2015-02-02,1051796.2891947322,988536.7049889187,752637.7306039929,1204013.8650998753
2015-02-03,1058758.4617183395,993426.4535614755,773376.2951731109,1204559.295420904
2015-02-04,1061642.9511481407,994326.313513415,778699.1407632044,1205104.9728273225
2015-02-05,1063524.2565262362,994957.3810997887,777640.8895628001,1205650.897431063
2015-02-06,1056379.4154410502,984257.4550866493,770659.5905989386,1206197.0693441085
2015-02-09,1060280.6885214543,988707.2608276401,779994.3138741471,1206743.488678492
2015-02-10,1054645.3580916964,982246.3069879966,766205.4586808188,1207290.1555462983
2015-02-11,1051780.8019684467,979149.2287432533,761940.8642911296,1207837.070059662
2015-02-12,1060599.2753486142,988455.368371631,782363.5329795299,1208384.2323307698
2015-02-13,1074742.6493876015,1001145.0889035491,799785.190801112,1208931.642471858
2015-02-18,1081204.8089475199,1007900.3811576331,809957.0381602223,1209479.3005952144
2015-02-19,1084927.3738150548,1013846.3491831168,810178.1652767248,1210027.2068131769
2015-02-20,1083365.0412989785,1011441.9177531303,809293.6568107152,1210575.3612381353
2015-02-23,1083784.8479674393,1012772.0088767593,809972.8329542583,1211123.7639825295
2015-02-24,1089848.472038144,1019418.3459354917,819339.1458175385,1211672.415158851
2015-02-25,1094129.5378402974,1022970.5010472492,818344.0737932777,1212221.3148796423
2015-02-26,1097241.89509306,1024509.8848149928,817554.3340914835,1212770.463257496
2015-02-27,1092491.6875863152,1016719.6646426353,814742.8607530958,1213319.860405056
2015-03-02,1087235.9847427553,1011790.545479203,805866.1865049279,1213869.5064350183
2015-03-03,1087133.9625314027,1011372.1059787987,810336.1132170836,1214419.4014601284
2015-03-04,1079760.139318817,1003772.1783996297,797131.6654030832,1214969.5455931837
2015-03-05,1077873.014458832,1001523.186964892,795504.8016173869,1215541.8326982444
2015-03-06,1074162.3199799315,997523.7574059531,789439.6007076068,1216114.3893677003
2015-03-09,1064963.6946402427,986527.8379870113,776803.7654788982,1216687.2157285241
2015-03-10,1059733.7187328748,982784.7278608589,762777.9883750316,1217260.3119077487
2015-03-11,1066281.6391546521,988660.8647898762,772460.1971190296,1217833.6780324664
2015-03-12,1070021.3098065206,993838.2614570722,772049.5324740965,1218407.3142298302
2015-03-13,1065494.9895925673,989528.7412320169,767563.810967905,1218981.2206270518
2015-03-16,1066459.773423237,990221.7244557224,771544.0990649482,1219555.3973514037
2015-03-17,1079107.3633678749,1005181.1586564234,794241.2180945161,1220129.844530218
2015-03-18,1092783.3431009036,1020999.287196857,813842.5574930502,1220704.562290887
2015-03-19,1088201.3033807408,1014169.7543308317,804807.9353045237,1221279.5507608629
2015-03-20,1100542.4687851716,1026650.4783864926,820808.0616628759,1221854.8100676576
2015-03-23,1101590.6536544336,1027473.6258715078,819876.1688147587,1222430.7679880273
2015-03-24,1101911.011583081,1028150.7385820284,813526.6616123326,1223006.9974034415
2015-03-25,1102848.5570945167,1028384.4963746083,819086.4291129643,1223583.4984418775
2015-03-26,1092948.7052716475,1017498.3535448555,798900.6823351023,1224160.271231373
2015-03-27,1087477.198155869,1012198.2248210765,791240.2072276977,1224737.3159000261
2015-03-30,1098562.5196391535,1025083.4220097992,809372.6307808947,1225314.2039179346
2015-03-31,1097543.704478198,1023694.7418487635,807903.7149355572,1225891.363667406
2015-04-01,1110235.0387535898,1037141.5598131351,826415.2135456153,1226468.795276434
2015-04-02,1118755.1597284956,1045082.1196025803,839066.8435683599,1227046.498873073
2015-04-06,1120948.5737211672,1049307.0193680408,848764.8471063938,1227624.474585437
2015-04-07,1117276.8901128313,1045781.8249127353,848638.4887541067,1228202.722541701
2015-04-08,1115914.5433979856,1044435.8797566356,847564.4427596664,1228781.2428700996
2015-04-09,1113627.2250357727,1042612.2018871111,849807.3035127622,1229360.0356989289
2015-04-10,1117561.6659849929,1046322.2323250785,856298.9638615112,1229939.101156544
2015-04-13,1117602.1602151224,1045191.9236518575,856709.6285064443,1230518.4393713616
2015-04-14,1117580.9596602255,1044580.6352977139,852634.5716451857,1231098.0504718586
2015-04-15,1123103.4245390436,1049002.489544391,867434.2936568108,1231677.9345865722
2015-04-16,1122181.0975957334,1047533.3153827268,863564.5691180187,1232258.0918441007
2015-04-17,1113637.9962681558,1039284.1168562,852208.1122062168,1232838.522373102
2015-04-20,1110615.1163332514,1036687.2052943703,849143.922163255,1233419.2263022952
2015-04-22,1117211.3656637326,1042550.8615583836,862664.2658579733,1234000.2037604603
2015-04-23,1127258.3335721141,1053229.8271085513,879533.1058882992,1234581.4548764373
2015-04-24,1135302.895599768,1061883.4939886837,893890.5736669194,1235162.9797791275
2015-04-27,1132080.3377839592,1057723.4090743526,877163.8867829164,1235745.2109045358
2015-04-28,1133043.0593436626,1060376.8909604189,881539.0447308567,1236328.1489928758
2015-04-29,1126308.3105071646,1054207.1485158917,873846.9800353803,1236911.3620706003
2015-04-30,1135911.7681440173,1064610.9027799391,888125.4738438211,1237516.1746193117
2015-05-04,1145314.0599352464,1074948.6894565038,905894.6171341926,1238121.2829032154
2015-05-05,1152470.7914828719,1083440.7616491893,916919.3833712408,1238727.5537518149
2015-05-06,1149715.336781958,1080187.5771924837,901930.1238311853,1239334.1214730607
2015-05-07,1144679.060464171,1074914.7383398227,899055.471316654,1239940.9862123223
2015-05-08,1148310.3726526508,1079968.0335230026,902656.684356836,1240548.1481150412
2015-05-11,1145752.2801326406,1077728.2328679517,903414.8344705584,1241155.6073267288
2015-05-12,1142358.3310575997,1075767.667025919,897017.9428860247,1241763.3639929686
2015-05-13,1135587.2056511575,1067854.8381665284,890384.1293909528,1242371.4182594148
2015-05-14,1137998.9356557408,1072616.8568194592,894885.6456911801,1242979.7702717942
2015-05-15,1142557.3006190634,1077507.6076987116,904236.1637604246,1243588.4201759032
2015-05-18,1134169.0455471203,1068561.7550202734,887730.603992924,1244197.368117611
2015-05-19,1129501.5979457947,1063675.0950186932,876595.2741976244,1244806.614242857
2015-05-20,1127562.215724394,1062865.1366135424,867149.9873641648,1245416.1586976536
2015-05-21,1129494.9891307182,1066212.9524564245,870482.6889057367,1246026.0016280832
2015-05-22,1124844.6929894097,1060661.284720358,858873.5152893607,1246636.1431803002
2015-05-25,1126854.3195641725,1063092.6413886386,862537.9075056862,1247246.5835005317
2015-05-26,1116518.0694716324,1052761.3043464948,847074.804144554,1247857.3227350744
2015-05-27,1122764.0448704148,1058886.5157494142,856646.4493303007,1248468.3610302983
2015-05-28,1118991.5028660628,1053761.4191198822,852539.8028809704,1249079.6985326442
2015-05-29,1106742.6897592468,1041134.5982803672,833333.3333333334,1249691.3353886248
2015-06-01,1111652.776282819,1046708.0925662457,837613.7225170584,1250303.2717448245
2015-06-02,1121354.3175434542,1057220.8495223827,856646.4493303007,1250915.5077479
2015-06-03,1115174.878662776,1050283.666304429,845384.7611827141,1251528.043544579
2015-06-05,1111237.4709933884,1047385.1751818818,836697.624462977,1252163.231572519
2015-06-08,1108416.2175233094,1041204.0716709298,834123.0730351276,1252798.7419774393
2015-06-09,1109117.3718834398,1042691.4793447558,834217.8417993429,1253434.5749229547
2015-06-10,1114483.7612396744,1048623.1126831223,850960.3234773818,1254070.7305727655
2015-06-11,1114047.4190760467,1049166.313811821,848006.6969926712,1254707.2090906529
2015-06-12,1110503.1405549361,1045904.3633396745,842620.6722264342,1255344.0106404824
2015-06-15,1108463.4251354593,1045182.277711311,839303.7654788982,1255981.1353862025
2015-06-16,1109266.3229502838,1047015.6041281306,848212.0293151378,1256618.583491845
2015-06-17,1107351.650042415,1046694.1053251387,841056.9876168815,1257256.3551215245
2015-06-18,1115978.1377988074,1055083.8096195494,856693.8337124084,1257894.4504394394
2015-06-19,1113325.126543473,1052686.6760925893,848954.3846348244,1258532.8696098707
2015-06-22,1116444.6736713427,1059050.1166049163,850770.7859489513,1259171.6127971837
2015-06-23,1114312.6029401205,1058199.759063369,849317.6648976498,1259810.6801658266
2015-06-24,1112121.9699692025,1055519.5550774194,850439.0952741976,1260450.0718803313
2015-06-25,1104936.1603134065,1049697.6065752911,839903.9676522618,1261089.7881053123
2015-06-26,1111671.6103705626,1055745.1691223104,853187.3894364417,1261729.8290054696
2015-06-29,1104057.393092984,1047287.7863802791,837345.2110184483,1262370.1947455846
2015-06-30,1105058.4807999716,1051415.445041271,838403.4622188527,1263010.885490524
2015-07-01,1104981.2081073832,1051947.5101361582,833301.7437452616,1263651.9014052367
2015-07-02,1106352.2786110612,1053043.9802234776,838798.3320697498,1264293.2426547569
2015-07-03,1104347.3754654673,1051087.7780534266,829526.7879706848,1264934.9094042012
2015-07-06,1103166.7555354442,1050465.6034814948,823682.7141774071,1265576.9018187711
2015-07-07,1100243.6111326483,1048300.992911527,826762.6990144049,1266219.220063751
2015-07-08,1098537.38394622,1044884.377115051,817886.024766237,1266861.8643045097
2015-07-10,1104592.8671042244,1050204.5070888817,830664.0131412686,1267504.8347065002
2015-07-13,1108492.0182541031,1053952.1095763159,839003.6643922164,1268148.1314352585
2015-07-14,1113290.6780914904,1058536.8846738844,840899.0396765226,1268791.754656406
2015-07-15,1112051.1095669807,1058654.1189713061,835576.1940864291,1269435.7045356466
2015-07-16,1112359.5965580947,1058437.8461695842,838229.719484458,1270079.9812387696
2015-07-17,1104522.896336738,1048955.5026176863,826731.1094263331,1270724.5849316474
2015-07-20,1100157.6141380083,1044014.5992434877,815011.3722517058,1271369.5157802377
2015-07-21,1099433.6666463697,1043074.9044107774,813021.2282031842,1272014.7739505814
2015-07-22,1095902.3214724879,1039349.4997309673,804207.7331311599,1272660.3596088043
2015-07-23,1083238.301498128,1025797.5166807157,786691.3065453627,1273306.2729211166
2015-07-24,1076668.7110598937,1018802.8224312841,777830.4270912308,1273952.514053812
2015-07-27,1076152.4667067018,1017036.2590305811,769775.082132929,1274599.0831732694
2015-07-28,1079408.3316737537,1020063.3936538397,783453.3737680061,1275245.9804459526
2015-07-29,1083636.096197104,1023842.2066211218,793609.4263330806,1275893.206038408
2015-07-30,1081270.9463336454,1021168.3090146487,788112.8380085924,1276562.552373228
2015-07-31,1092389.7054095045,1033367.9156324641,803402.1986353298,1277232.2498538285
2015-08-03,1088030.358090607,1027654.7817448669,791919.3833712408,1277902.2986644246
2015-08-04,1084846.9077887218,1026006.7193005388,790655.79984837,1278572.6989893268
2015-08-05,1082323.2356600796,1021754.7868129294,794272.8076825878,1279243.4510129436
2015-08-06,1075884.4276857155,1013527.280056963,789913.4445286833,1279914.5549197795
2015-08-07,1066422.5109373832,1003801.135745266,767263.7098812232,1280586.0108944362
2015-08-10,1068711.12474222,1007153.6736734562,779520.4700530705,1281257.8191216113
2015-08-11,1068554.1958737457,1007780.72228301,775082.1329289866,1281929.9797861008
2015-08-12,1062525.55011118,1001863.7995782688,764278.4938084407,1282602.4930727964
2015-08-13,1058215.7901451406,999225.6856335273,758308.0616628759,1283275.3591666874
2015-08-14,1056249.5280939634,997868.3265589555,750379.0750568613,1283948.5782528596
2015-08-17,1056107.4866447675,997386.1248803927,745782.7899924185,1284622.1505164972
2015-08-18,1056484.28856427,999032.1328262414,749478.7717968158,1285296.0761428797
2015-08-19,1049112.2663277604,989338.4241045249,735847.8645438463,1285970.355317385
2015-08-20,1049915.8903185553,988378.4239196776,736811.3469800354,1286644.988225488
2015-08-21,1043076.5020673812,981293.3265406523,722137.9833206974,1287319.9750527614
2015-08-24,1032393.2264591828,968415.5082942072,700277.9883750316,1287995.3159848738
2015-08-25,1031510.5948599142,966692.9888593327,703579.1003285317,1288671.0112075927
2015-08-26,1047078.6098671764,984524.3486820952,727160.7278241091,1289347.0609067823
2015-08-27,1060296.0373025285,998459.1884816785,753648.5974222897,1290023.4652684045
2015-08-28,1053445.5887518262,992824.8523339658,744787.7179681577,1290700.224478519
2015-08-31,1045286.31567125,985040.1623210772,736448.06671721,1291377.3387232828
2015-09-01,1034056.4319826704,972645.4153778673,718299.8483699772,1292054.8081889504
2015-09-02,1038850.3136259926,977655.0889097895,733889.3100833965,1292732.6330618747
2015-09-03,1047390.7087262205,985912.3068736446,748136.2143037654,1293410.8135285052
2015-09-04,1040325.7679125646,978261.8077711465,734426.3330806167,1294089.3497753905
2015-09-08,1030425.686421754,970256.74104697,738596.1587060905,1294768.2419891763
2015-09-09,1031844.1948239652,970214.5236603321,736937.7053323225,1295447.490356606
2015-09-10,1030769.139842048,968807.76083186,734521.101844832,1296127.0950645222
2015-09-11,1029110.3868562898,969776.7176453174,732894.2380591357,1296807.056299864
2015-09-14,1039112.6254729538,981699.354029901,746809.451604751,1297487.3742496695
2015-09-15,1039989.8699509453,983332.7604302685,748104.6247156938,1298168.0491010747
2015-09-16,1052448.7416590117,997024.7031429734,766884.6348243619,1298849.081041314
2015-09-17,1055587.7489247497,1000607.6072684916,766853.0452362901,1299530.4702577188
2015-09-18,1042593.306176855,984908.9812376386,746525.1453121051,1300212.2169377208
2015-09-21,1036259.6246126674,977343.0732094138,735879.4541319181,1300894.3212688486
2015-09-22,1031606.9889407302,973062.8605120853,730746.1460702552,1301576.7834387294
2015-09-23,1021430.1699318108,962652.4213760432,716135.9615870609,1302259.6036350892
2015-09-24,1021718.3645170061,962945.8125158966,715377.8114733384,1302942.7820457523
2015-09-25,1019607.52589118,958631.4012405559,708096.411422795,1303626.3188586412
2015-09-28,1013190.1709535504,952592.7962521442,694291.7614354308,1304310.2142617777
2015-09-29,1014353.9129720179,954319.6785643161,697055.8503917109,1304994.4684432817
2015-09-30,1021759.7131935493,963078.4531293915,711697.624462977,1305679.0815913717
2015-10-01,1022361.2454191177,961999.7844162176,715709.502148092,1306364.0538943654
2015-10-02,1037522.9792937068,979290.40303851,742876.5478898155,1307049.385540679
2015-10-05,1049631.1242018424,990027.0523877424,751800.606520091,1307735.0767188277
2015-10-06,1053312.314111412,993132.2336517281,753964.4933030073,1308421.1276174253
2015-10-07,1068971.7662217584,1008900.1820745874,772586.5554713167,1309107.5384251848
2015-10-08,1073066.8687856016,1014050.4524573344,775634.9507202426,1309794.3093309181
2015-10-09,1078448.3273352962,1017769.1669481095,779283.5481425322,1310481.4405235362
2015-10-13,1062078.733310848,1002142.2934829729,748088.8299216578,1311168.9321920495
2015-10-14,1057785.804963649,995372.5685085546,737774.8294162244,1311856.7845255667
2015-10-15,1060208.4343409988,999799.2072645968,744898.2815264089,1312544.9977132967
2015-10-16,1059227.6906702947,999725.9880891871,746082.8910791003,1313233.5719445471
2015-10-19,1062274.2727380893,1002946.5532945561,749415.5926206722,1313922.5074087249
2015-10-20,1060256.8442707502,1001094.4636190555,743571.5188273945,1314611.8042953366
2015-10-21,1057864.3175557842,996988.5579929259,742765.9843315643,1315301.462793988
2015-10-22,1063943.710047442,1004113.6260419886,754548.9006823351,1315991.943449896
2015-10-23,1063862.4663920933,1003635.6092208354,751784.8117260551,1316682.7865805295
2015-10-26,1058687.292205983,998618.6215808553,745656.4316401314,1317373.9923761727
2015-10-27,1059593.8123191597,1000722.8080035361,743034.4958301744,1318065.5610272104
2015-10-28,1060122.6604760725,1001049.4042554819,738264.4680313369,1318757.4927241274
2015-10-29,1046762.9124531202,985088.465068327,720684.862269396,1319449.7876575075
2015-10-30,1053621.95136617,989870.2395654307,724491.4076320445,1320142.4460180362
2015-11-03,1076684.2839044805,1014187.274565868,759003.0326004549,1320835.4679964976
2015-11-04,1079541.1526662474,1017359.6265672917,753569.6234521102,1321528.853783777
2015-11-05,1089567.146727574,1026145.4090028065,758892.4690422037,1322222.6035708592
2015-11-06,1077330.5732149552,1015118.5156043834,741075.9413697246,1322916.71754883
2015-11-09,1069562.709490434,1007097.064365876,729640.5104877432,1323611.195908874
2015-11-10,1069994.0172131455,1007939.9758610217,729387.7937831691,1324306.0388422783
2015-11-11,1080728.3338433655,1019195.8512063905,743381.9812989639,1325001.2465404288
2015-11-12,1078748.3410289867,1017578.84995517,740523.1235784686,1325696.8191948126
2015-11-13,1074629.6547289235,1014091.3733259285,734726.4341672985,1326392.7569970172
2015-11-16,1075154.1141542445,1014702.3184607575,739938.7161991408,1327089.0601387299
2015-11-17,1082038.226106099,1021554.8903408913,746272.428607531,1327785.7288117404
2015-11-18,1084950.7801073159,1022876.6501931926,749241.8498862775,1328482.7632079371
2015-11-19,1093979.35033896,1030171.9279937848,760345.5900935052,1329180.1635193108
2015-11-23,1095169.2619049,1031798.0020413662,760519.3328279,1329877.9299379517
2015-11-24,1097272.1768610305,1033813.3995441725,762635.8352287086,1330576.0626560517
2015-11-25,1083397.059801427,1021314.7531002675,740254.6120798584,1331274.5618659037
2015-11-26,1086777.2594795034,1022180.0687810428,744661.3596158706,1331973.4277599007
2015-11-27,1074795.612494907,1008348.5354623549,724554.586808188,1332672.6605305371
2015-11-30,1062823.6877421006,996182.3893150244,712661.106899166,1333372.260370409
2015-12-01,1063037.4057834523,995809.8035202014,711508.0869345464,1334072.2274722133
2015-12-02,1064787.7714044016,998275.8216966392,709423.1741218094,1334772.562028747
2015-12-03,1079822.8928622457,1013607.1518184876,732767.8797068486,1335473.2642329093
2015-12-04,1067940.292270516,1001211.0835719823,716467.6522618145,1336174.334277701
2015-12-07,1070315.8233804193,1006146.327420053,714287.9706848622,1336875.7723562233
2015-12-08,1061119.7456960154,996960.8697578732,701968.0313368713,1337577.578661679
2015-12-09,1074551.4826586526,1010554.9040292171,728266.3634066212,1338279.7533873734
2015-12-10,1069341.5223404854,1005674.1321519406,720732.2466515036,1338982.2967267116
2015-12-11,1065293.7364322222,1002509.5151170385,714919.7624462977,1339685.2088732012
2015-12-14,1057720.385514462,993719.319890489,706769.6487237806,1340388.4900204511
2015-12-15,1058839.0297389836,993684.1118205982,708743.9979782663,1341092.1403621722
2015-12-16,1058495.3269190558,993360.5259274031,711018.448319434,1341796.1600921764
2015-12-17,1066041.5466888947,1000851.0915041157,714888.1728582259,1342500.5494043785
2015-12-18,1047359.8762656357,981901.5710136895,693565.2009097801,1343205.3084927935
2015-12-21,1040502.784247548,975892.1767802584,682335.1023502654,1343910.4375515399
2015-12-22,1040752.5879679902,976798.7692271739,686599.6967399545,1344615.9367748369
2015-12-23,1048263.1720297757,985439.202222011,695207.8594895123,1345321.806357006
2015-12-28,1049372.6178987778,987238.3466910131,691243.366186505,1346028.046492471
2015-12-29,1048210.0404894566,985688.7232083338,689505.9388425575,1346734.6573757576
2015-12-30,1047638.5360894749,985273.6587476674,684704.3214556482,1347441.6392014932
2016-01-04,1030862.455105373,966685.0004065873,665608.4154662624,1348148.9921644083
2016-01-05,1035341.9912061938,971179.9181434648,669999.3682082386,1348856.7164593353
2016-01-06,1028679.9128283975,965301.8151886684,659795.9312610563,1349564.8122812074
2016-01-07,1016191.0763803051,951508.8772186665,642769.1432903715,1350273.2798250623
2016-01-08,1016193.8835230115,950816.5372752689,641458.175385393,1350982.1192860394
2016-01-11,1012162.1339096596,948170.2176749251,631002.0217336366,1351691.3308593794
2016-01-12,1014784.3675515465,948808.3018116514,624115.4915339904,1352400.9147404272
2016-01-13,1010585.1594607164,943370.6789714514,615112.4589335355,1353110.8711246294
2016-01-14,1011857.5431467769,944823.2216197323,623894.364417488,1353821.2002075347
2016-01-15,1000961.4478965992,933794.114912765,609189.4111700783,1354531.9021847956
2016-01-18,997629.0655607454,929998.0275677808,599207.1013393985,1355242.9772521663
2016-01-19,998824.331726226,932158.1448573997,601102.4766237048,1355954.4256055043
2016-01-20,992199.4362961744,924267.1788303294,594595.0214809199,1356666.2474407703
2016-01-21,991695.0528242885,926636.2711347073,595732.2466515036,1357377.9681208401
2016-01-22,998981.8431775502,932666.5369417602,600691.8119787718,1358090.062176696
2016-01-26,993401.4506007863,926936.2666922532,592257.3919636088,1358802.5298042148
2016-01-27,1005083.6650600262,937839.9579981121,606141.0159211524,1359515.3711993753
2016-01-28,1008935.8575081894,943149.1111483892,610152.8936062674,1360228.5865582603
2016-01-29,1028094.3494841871,964642.2577411905,638204.4478140005,1360942.1760770548
2016-02-01,1036346.3848874818,972331.9245691132,640794.7940358857,1361656.1399520466
2016-02-02,1020172.4345061444,955800.6746601198,609615.8706090472,1362370.4783796268
2016-02-03,1028846.6773537165,964169.8581485341,625300.1010866818,1363085.1915562896
2016-02-04,1036007.3450418236,973259.7932088345,644775.082132929,1363800.2796786318
2016-02-05,1036375.6088381736,974497.8319645147,641142.2795046753,1364515.742943354
2016-02-10,1034493.8320387946,972607.9349442382,637746.3987869598,1365231.5815472596
2016-02-11,1022502.910117187,959231.3396662606,621019.7119029568,1365947.7956872552
2016-02-12,1026365.2150686176,963100.5295186252,628759.1609805408,1366664.385560351
2016-02-15,1029183.597408864,966192.6579777058,633260.6772807683,1367381.3513636598
2016-02-16,1039377.8684768758,976583.8475854466,646765.2261814506,1368098.6932943985
2016-02-17,1046441.3813241869,983884.2756681825,657553.0705079606,1368816.4115498879
2016-02-18,1047835.6952780335,985430.3851368162,655136.4670204701,1369534.5063275509
2016-02-19,1048340.2533867707,987090.018639033,656163.1286328026,1370252.9778249154
2016-02-22,1064550.2913887482,1003600.7904306372,682887.9201415214,1370971.8262396122
2016-02-23,1056525.3744041391,994590.5854197285,671610.4371998989,1371691.0517693758
2016-02-24,1047700.5615356924,986273.1990362867,664723.9070002527,1372410.6546120446
2016-02-25,1053140.6590482683,991331.7339852779,661612.3325751832,1373130.6349655609
2016-02-26,1053439.6309250996,990701.362276735,656952.8683345969,1373850.9930279702
2016-02-29,1065744.1861572189,1004550.5166362118,675922.4159716957,1374571.7289974228
2016-03-01,1079391.962083962,1017052.0423882356,696897.902451352,1375292.8430721723
2016-03-02,1088002.8434473986,1024731.9491165319,709075.68865302,1376014.3354505762
2016-03-03,1108586.9426171675,1044801.7087115947,745403.7149355572,1376736.206331097
2016-03-04,1127573.3709681716,1062120.1204853263,775287.4652514531,1377458.4559123004
2016-03-07,1129792.9908409677,1064048.2145789461,777830.4270912308,1378181.0843928568
2016-03-08,1133420.8992780915,1066269.2675127985,775555.9767500631,1378904.0919715401
2016-03-09,1133600.59584289,1066500.1455411122,768653.6517563812,1379627.4788472292
2016-03-10,1142951.6923730539,1076813.1268203063,782963.7351528936,1380351.2452189073
2016-03-11,1146238.2335632318,1079677.2116346632,784037.7811473338,1381075.3912856614
2016-03-14,1139161.2562007173,1071493.4263510732,771844.20015163,1381799.917246684
2016-03-15,1114457.6115330446,1048357.982438198,744408.6429112965,1382524.8233012708
2016-03-16,1122076.1226186329,1057215.7369781714,754406.7475360121,1383250.1096488228
2016-03-17,1157496.5812326416,1090499.9797205236,804176.1435430882,1383975.7764888457
2016-03-18,1154145.347138026,1089615.3961330971,802612.4589335355,1384701.8240209497
2016-03-21,1160639.650748925,1097136.2784698755,808251.2004043467,1385428.2524448493
2016-03-22,1160193.0954832262,1098110.1062309416,805692.4437705332,1386155.0619603647
2016-03-23,1147738.0135512208,1087319.6173911674,784843.315643164,1386882.2527674197
2016-03-24,1146585.4803177202,1086123.334714262,784322.0874399798,1387609.8250660442
2016-03-28,1160133.8626163865,1098211.8889514226,802975.7391963609,1388337.779056372
2016-03-29,1165208.411744394,1102001.7243252078,807982.6889057367,1389066.1149386428
2016-03-30,1165668.7381940319,1102925.157995172,809467.39954511,1389794.8329132008
2016-03-31,1153986.323282035,1090373.0501179928,790608.4154662624,1390523.9331804954
2016-04-01,1162929.7481387174,1099269.8666040502,798616.3760424564,1391253.4159410815
2016-04-04,1144111.8952756776,1078446.9288187826,770470.053070508,1391983.2813956183
2016-04-05,1146030.6742670878,1079266.480778841,774797.8266363407,1392713.5297448712
2016-04-06,1135888.286450803,1070186.379553563,759666.4139499621,1393444.1611897107
2016-04-07,1140228.9611340982,1075278.5210657204,766252.8430629264,1394175.1759311124
2016-04-08,1162813.456863456,1095017.8664998342,794367.5764468032,1394906.5741701575
2016-04-11,1165816.249505954,1095245.0577024047,792345.8428102097,1395638.356108033
2016-04-12,1184550.584748473,1115024.382190302,821360.8794541319,1396370.521946031
2016-04-13,1197862.1518172862,1126829.6899999697,839493.3030073288,1397103.071885549
2016-04-14,1187944.2089562307,1116727.2273630085,827820.9502148092,1397836.006128091
2016-04-15,1196205.7573961606,1126941.2233556032,840725.2969421279,1398569.3248752658
2016-04-18,1193986.8974321522,1123935.3222710348,835449.835734142,1399303.0283287887
2016-04-19,1200508.0070811305,1134699.32974183,848338.3876674249,1400037.1166904806
2016-04-20,1197280.3662542608,1132681.5246378232,847090.5989385898,1400771.5901622677
2016-04-22,1193930.7796471466,1128419.1110901844,835670.9628506444,1401506.4489461826
2016-04-25,1183777.6663869289,1117930.7602460175,819149.6082891079,1402241.6932443643
2016-04-26,1195731.2994811665,1129312.2607098036,838435.0518069244,1402977.3232590572
2016-04-27,1211806.314788954,1147511.0051092643,860468.7894869851,1403713.3391926123
2016-04-28,1205970.6348131867,1142704.541167037,857846.8536770281,1404449.7412474863
2016-04-29,1203322.9036037354,1140192.9755655222,851513.1412686378,1405186.5296262421
2016-05-02,1201314.7725764203,1138137.723535735,846000.7581501137,1405923.7045315495
2016-05-03,1191667.242522685,1127358.1846647798,825435.9363153904,1406661.2661661839
2016-05-04,1195171.9379218165,1130134.8440946734,830063.810967905,1407399.2147330274
2016-05-05,1185217.5524138303,1118796.1027274623,816132.8026282537,1408137.5504350683
2016-05-06,1187859.9326679248,1120836.2379516393,816875.1579479404,1408876.2734754023
2016-05-09,1185860.3751107524,1117755.8768009825,805376.5478898155,1409615.38405723
2016-05-10,1205396.7520234848,1138704.2792744525,838245.5142784938,1410354.8823838606
2016-05-11,1206283.193644151,1139548.578905425,833396.5125094769,1411094.768658708
2016-05-12,1217265.1434155302,1151062.8552717878,840930.6292645944,1411835.043085294
2016-05-13,1206888.368756231,1137574.1193539465,818233.5102350265,1412575.705867247
2016-05-16,1201640.9751966014,1133895.068471425,818217.7154409906,1413316.7572083022
2016-05-17,1190057.1694555162,1121040.3209544977,802991.5339903968,1414058.1973123013
2016-05-18,1187765.610787599,1117391.4752332938,798616.3760424564,1414800.0263831932
2016-05-19,1184598.4571999314,1114670.9548603622,791840.4094010614,1415542.244625034
2016-05-20,1185772.2478939027,1115633.4577412985,785364.5438463483,1416284.852241987
2016-05-23,1179599.359891817,1109817.1893901194,779157.1897902451,1417027.8494383218
2016-05-24,1180601.5491747232,1110473.5894698647,779394.1117007834,1417771.2364184156
2016-05-25,1181816.9307047422,1109772.3995201255,781573.7932777357,1418515.0133867532
2016-05-27,1179952.9442068946,1107305.4497607592,774750.442254233,1419259.1805479259
2016-05-30,1178383.1650401005,1105877.7238098995,773376.2951731109,1420003.7381066333
2016-05-31,1175782.199350096,1104974.2255312984,765605.2565074551,1420748.6862676812
2016-06-01,1179695.3682252937,1109518.013747943,774150.2400808693,1421494.0252359842
2016-06-02,1187233.892335429,1119938.145378405,787954.8900682335,1422239.7552165634
2016-06-03,1195797.4009279788,1129031.7414172345,799516.6793025018,1422985.8764145477
2016-06-06,1195748.5809409362,1128154.9621126158,796563.0528177912,1423732.3890351735
2016-06-07,1197448.61177776,1129189.1813639302,797447.5612838009,1424479.2932837855
2016-06-08,1208795.4511064673,1142753.3186033503,815469.4212787466,1425226.589365835
2016-06-09,1205862.5624068961,1139896.900754529,807398.2815264089,1425974.2774868824
2016-06-10,1191269.6802803255,1122891.5418667484,780610.3108415466,1426722.3578525947
2016-06-13,1193210.1431835662,1124691.177961097,784385.2666161234,1427470.8306687481
2016-06-14,1182574.2926578722,1111278.2087840168,768385.140257771,1428219.6961412253
2016-06-15,1186487.36642506,1115221.548200068,772602.3502653525,1428968.9544760177
2016-06-16,1193928.604578601,1123731.8662324683,780452.3629011877,1429718.6058792255
2016-06-17,1194952.1349417318,1123489.3753751235,782379.3277735658,1430468.6505570558
2016-06-20,1206002.7152907301,1135630.8630239496,794936.189032095,1431219.0887158248
2016-06-21,1212254.7224551335,1143993.0497370826,802975.7391963609,1431969.9205619558
2016-06-22,1214386.545286355,1143655.48611968,792203.6896638868,1432721.146301982
2016-06-23,1232719.924512495,1163753.8020530327,814379.5804902704,1433472.7661425434
2016-06-24,1219336.071503446,1148411.779325037,791398.1551680566,1434224.7802903894
2016-06-27,1211898.7715841369,1142151.0459952264,777830.4270912308,1434977.1889523775
2016-06-28,1220547.4997222552,1151687.6324183485,789850.2653525398,1435729.992335474
2016-06-29,1230228.2160197326,1159188.7958776702,805566.0854182461,1436483.1906467532
2016-06-30,1237734.3687048825,1167731.0924808094,813858.3522870862,1437236.7840933981
2016-07-01,1239049.976485282,1172024.3632403563,825009.4768764215,1437990.7728827016
2016-07-04,1243903.4149860127,1179069.7461559516,830316.5276724792,1438745.1572220637
2016-07-05,1238703.108294462,1174216.2280017755,818833.7124083902,1439499.9373189937
2016-07-06,1237862.3939376504,1170602.833077683,819781.4000505434,1440255.1133811108
2016-07-07,1240495.8614822351,1174152.8762852678,821566.2117765985,1441010.6856161417
2016-07-08,1253004.0081317483,1188700.988535033,839351.1498610058,1441766.6542319227
2016-07-11,1264586.732828607,1203178.9366804694,852287.0861763962,1442523.0194363992
2016-07-12,1263766.9509387086,1204570.9707734208,856962.3452110185,1443279.7814376259
2016-07-13,1271038.9483697289,1210597.3791154837,862364.1647712914,1444036.9404437658
2016-07-14,1281762.4309354697,1223598.8272885391,876310.9679049785,1444794.4966630922
2016-07-15,1282579.14659639,1224634.030689206,877843.0629264595,1445552.4503039867
2016-07-18,1295632.4226237636,1238986.8400307582,892153.1463229719,1446310.8015749406
2016-07-19,1301413.0439875615,1243815.1456379013,895533.2322466515,1447069.5506845552
2016-07-20,1302507.1563510173,1240366.3918069417,893637.8569623452,1447828.6978415397
2016-07-21,1304015.1127271394,1243997.1007059314,894632.9289866061,1448588.2432547144
2016-07-22,1309126.6906443988,1253677.109730239,900334.8496335607,1449348.1871330084
2016-07-25,1307604.6418438707,1254210.3334126854,898297.3212029315,1450108.5296854603
2016-07-26,1308439.7424404062,1254253.9351770957,896875.7897397018,1450869.2711212188
2016-07-27,1308055.0480330556,1253138.3095292978,897981.4253222138,1451630.4116495415
2016-07-28,1302866.2916201113,1253523.164246279,895043.593631539,1452391.951479797
2016-07-29,1311501.7840551531,1263373.6850204938,905168.0566085419,1453153.8908214632
2016-08-01,1311557.774215695,1259985.1524828216,896449.3303007329,1453916.229884127
2016-08-02,1303980.7957390395,1249243.8793730966,887067.2226434167,1454678.9688774864
2016-08-03,1309898.2964305237,1257747.9439117527,901519.4591862522,1455442.1080113493
2016-08-04,1315980.3019543802,1276889.9929547291,909685.3677028052,1456205.6474956332
2016-08-05,1321685.751075165,1289129.7098405485,910743.6189032095,1456969.5875403662
2016-08-08,1316790.1866186939,1278639.1509110988,910332.9542582765,1457733.9283556857
2016-08-09,1321493.382600626,1279707.114655389,911185.8731362143,1458498.6701518402
2016-08-10,1319823.2153457128,1277551.5352571558,899039.6765226182,1459263.8131391888
2016-08-11,1332406.819052723,1295171.0867527153,920836.4922921405,1460029.3575281997
2016-08-12,1333184.2785030764,1292195.3149315307,920804.9027040687,1460795.3035294528
2016-08-15,1336919.2250735487,1296259.9828907903,934198.8880464999,1461561.6513536372
2016-08-16,1334830.9070308292,1289831.4400348028,929602.6029820571,1462328.401211554
2016-08-17,1340301.843728607,1295663.4949845136,937010.3613848876,1463095.5533141138
2016-08-18,1337007.3685647696,1290815.4234337166,934514.7839272176,1463863.1078723376
2016-08-19,1337271.7670207631,1287758.5245085198,933456.5327268132,1464631.0650973588
2016-08-22,1325293.0155095493,1270464.5872261333,912638.9941875158,1465399.4252004195
2016-08-23,1324723.3830645496,1273191.9640971138,916413.9499620924,1466168.188392874
2016-08-24,1324785.9584928474,1270413.8569226267,911643.922163255,1466937.354886187
2016-08-25,1323227.7283796247,1270769.161138229,911707.1013393985,1467706.9248919338
2016-08-26,1323161.896311131,1273585.111562184,911612.3325751832,1468476.8986218015
2016-08-29,1332845.4255815141,1286014.2734985002,925732.8784432651,1469247.2762875876
2016-08-30,1333058.546645907,1287957.3937895175,925180.0606520091,1470018.0581012005
2016-08-31,1328893.2069414065,1284502.197849868,914534.369471822,1470789.2442746612
2016-09-01,1333004.6489904714,1290840.766349587,919825.6254738438,1471560.8350201002
2016-09-02,1348271.6132392124,1312351.7774772295,941622.4412433662,1472332.83054976
2016-09-05,1349272.4558020665,1311142.8414768088,940832.7015415719,1473105.2310759951
2016-09-06,1357255.7033267939,1320978.5304435508,949725.1705837756,1473878.0368112698
2016-09-08,1357836.991265121,1323064.0227989345,951352.0343694718,1474651.2479681615
2016-09-09,1336618.9994869623,1293837.6414648858,916098.0540813748,1475424.864759358
2016-09-12,1342303.2693751687,1300003.1401263385,925353.8033864038,1476198.8873976597
2016-09-13,1326748.821001046,1276779.3521394294,897475.9919130654,1476973.316095977
2016-09-14,1327741.6337168051,1280228.397679542,901235.1528936062,1477748.1510673345
2016-09-15,1333078.1677882813,1289577.9516427265,914660.7278241091,1478523.392524866
2016-09-16,1325844.3092797638,1277355.2067386664,901566.8435683599,1479299.0406818185
2016-09-19,1328750.0600051868,1281001.3615594928,905831.437958049,1480075.0957515505
2016-09-20,1334338.1819101807,1287228.624598974,911928.2284559009,1480851.557947533
2016-09-21,1341204.637874377,1295177.7291120412,922321.2029315138,1481628.427483348
2016-09-22,1347202.6579758853,1300934.1373082865,931798.0793530452,1482405.70457269
2016-09-23,1342641.6618551626,1294314.2133200874,927107.0255243871,1483183.3894293658
2016-09-26,1336757.167034687,1284901.940765225,916950.9729593126,1483961.4822672943
2016-09-27,1340556.090740763,1288252.4516300196,922131.6654030832,1484739.9833005066
2016-09-28,1348551.3626691746,1301364.3575099744,937515.7947940358,1485518.892743146
2016-09-29,1341588.8376043907,1290798.6179072321,921642.0267879707,1486298.2108094683
2016-09-30,1339615.3494706096,1287566.534142571,921894.7434925449,1487077.937713841
2016-10-03,1352101.1260080277,1303113.7102792114,939174.2481678039,1487858.0736707451
2016-10-04,1351274.806638951,1301077.790698379,937247.2832954258,1488638.6188947738
2016-10-05,1359902.2329203843,1311164.4133700512,951699.5198382613,1489419.573600632
2016-10-06,1363337.2763782167,1316021.882982882,957859.4895122568,1490200.9380031386
2016-10-07,1368273.2391634744,1321680.1351138942,965204.0687389437,1490982.7123172246
2016-10-10,1375708.9264467147,1331584.2203812716,974033.3586050038,1491764.8967579333
2016-10-11,1370567.2322639073,1326325.826884417,963829.9216578216,1492547.4915404217
2016-10-13,1370521.7631475993,1329412.4118942406,965362.0166793026,1493330.4968799588
2016-10-14,1376947.0943539809,1336040.2427771525,975597.0432145565,1494113.912991927
2016-10-17,1383500.2689975158,1344829.4622367478,990270.4068738944,1494897.7400918216
2016-10-18,1392943.5091980295,1360383.3896621175,1007423.5531968663,1495681.9783952513
2016-10-19,1391880.8726780382,1356307.7603169186,1003064.1900429619,1496466.6281179374
2016-10-20,1396907.332927138,1360961.375419175,1008308.0616628759,1497238.6702160495
2016-10-21,1397624.7372026965,1363976.3194846786,1012572.6560525651,1498011.1106184009
2016-10-24,1399066.6558291735,1367298.1966440303,1011814.5059388425,1498783.9495304802
2016-10-25,1392292.5570726427,1362274.8595525671,1008750.3158958807,1499557.1871578824
2016-10-26,1386688.6553947271,1354222.5368769197,1008118.5241344452,1500330.8237063093
2016-10-27,1398881.245121179,1367857.9864168481,1014815.5168056609,1501104.8593815677
2016-10-28,1399741.0882782517,1369916.2349922836,1015731.6148597422,1501879.294389571
2016-10-31,1406579.600734804,1378447.726132066,1025477.0027798838,1502654.1289363396
2016-11-01,1389972.0907492703,1354641.5349994097,1000221.1271165024,1503429.3632279993
2016-11-03,1377252.5071283751,1335693.9954213223,975328.5317159464,1504204.9974707826
2016-11-04,1379781.836647357,1337550.7249839262,972927.7230224918,1504981.0318710278
2016-11-07,1401378.4010339745,1366485.2994882804,1011688.1475865555,1505757.4666351804
2016-11-08,1401752.9714520448,1368274.8655616483,1013362.3957543593,1506534.301969792
2016-11-09,1392758.602187431,1357390.3050143518,999147.0811220622,1507311.5380815216
2016-11-10,1371271.9252031536,1324963.6461296927,966657.1897902451,1508089.1751771332
2016-11-11,1350324.743451773,1297672.919005188,934799.0902198636,1508867.2134634987
2016-11-14,1353792.2752306152,1304691.1764627087,942270.0277988375,1509645.653147597
2016-11-16,1364081.6672704918,1319474.9958128657,959675.8908263836,1510424.4944365125
2016-11-17,1357145.1134925368,1307228.0845348127,944054.8395248926,1511203.7375374371
2016-11-18,1358674.3692947936,1313453.9787602476,947087.4399797827,1511983.38265767
2016-11-21,1366172.991454347,1327503.42021438,964588.071771544,1512763.4300046172
2016-11-22,1369871.3889226208,1333607.2673994175,978550.6696992671,1513543.8797857908
2016-11-23,1370533.96321728,1331376.5041986268,979056.1031084155,1514324.7322088114
2016-11-24,1368317.5048236162,1331888.5661609946,969737.1746272428,1515105.9874814053
2016-11-25,1366081.695828814,1331924.6763351946,972311.7260550923,1515887.645811407
2016-11-28,1376782.7536187307,1345585.2505203371,992781.7791256002,1516669.7074067576
2016-11-29,1364822.1806397557,1329732.5194428624,963277.1038665656,1517452.172475506
2016-11-30,1371715.3036393947,1339291.0138715175,977792.5195855446,1518235.041225808
2016-12-01,1345549.4586481063,1303520.3888622443,939900.8086934546,1519005.059674017
2016-12-02,1348699.6906263416,1305690.3741183307,952678.7970684862,1519775.4686601826
2016-12-05,1344765.294064756,1299134.9786840014,945034.1167551175,1520546.2683823777
2016-12-06,1353543.3841140117,1311657.8920606705,964872.37806419,1521317.459038776
2016-12-07,1358003.1660829918,1314995.8001619817,970021.4809198888,1522089.0408276515
2016-12-08,1357191.676424428,1312362.1528994122,958380.717715441,1522861.0139473784
2016-12-09,1357272.7655753416,1310518.5087519672,955600.8339651251,1523633.3785964325
2016-12-12,1342762.5068913174,1293561.5268789658,934720.1162496841,1524406.134973389
2016-12-13,1348834.6073264736,1299105.238041559,936331.1852413445,1525179.2832769249
2016-12-14,1340720.7300257774,1288118.5784024752,919446.5504169826,1525952.8237058173
2016-12-15,1344816.9818232558,1292361.3825839218,922352.7925195856,1526726.7564589449
2016-12-16,1345135.1656927697,1294358.7046122092,922242.2289613343,1527501.0817352857
2016-12-19,1335882.5625633078,1285146.7527959633,902056.4821834724,1528275.7997339205
2016-12-20,1335010.1817993356,1280484.541841253,909511.6249684105,1529050.9106540296
2016-12-21,1337556.552425613,1285964.5972606062,910522.4917867071,1529826.4146948953
2016-12-22,1338149.1215951308,1286482.848721059,904330.9325246399,1530602.3120559
2016-12-23,1344641.188939657,1293342.5294447795,915102.982057114,1531378.6029365289
2016-12-26,1350239.4921217435,1301826.0500637894,925890.826383624,1532155.2875363664
2016-12-27,1352960.9528667044,1304347.3802950056,927107.0255243871,1532932.3660550988
2016-12-28,1363364.4766450191,1318890.0341395305,944244.3770533232,1533709.838692515
2016-12-29,1368804.830236909,1325625.0231579056,951273.0603992924,1534487.705648503
2017-01-02,1365009.3531813372,1319185.722199553,941195.9818043973,1535265.967123054
2017-01-03,1386723.479422813,1343391.2801711897,976339.3985342431,1536044.6233162594
2017-01-04,1388756.183989371,1346926.6212192047,972785.5698761689,1536823.674428313
2017-01-05,1393919.371118621,1351930.978236631,980398.6606014657,1537603.1206595094
2017-01-06,1389084.3914583705,1344799.4400646165,973985.9742228962,1538382.9622102457
2017-01-09,1390821.9587277393,1344396.2740893685,974538.7920141522,1539163.1992810194
2017-01-10,1392014.0405820222,1344375.7494849863,981362.1430376548,1539943.8320724308
2017-01-11,1392894.378531559,1344608.4401947737,986321.7083649229,1540724.8607851816
2017-01-12,1412426.82896219,1373350.8699813995,1010140.2577710387,1541465.7799634843
2017-01-13,1410824.8014744732,1373133.8237372953,1005370.2299722012,1542207.0554424108
2017-01-16,1412046.356122364,1372184.7068490677,1008197.4981046247,1542948.6873933023
2017-01-17,1421946.0555903509,1385220.3035401516,1016458.175385393,1543690.675987583
2017-01-18,1417443.201440933,1375410.7813643317,1013236.0374020722,1544433.0213967587
2017-01-19,1412524.0690331992,1371799.6387175834,1010092.873388931,1545175.723792418
2017-01-20,1423322.4258912324,1385034.6130336672,1019095.9059893859,1545918.7833462325
2017-01-23,1435645.9460490202,1399965.1045976202,1038491.9130654536,1546662.2002299558
2017-01-24,1437825.451543963,1403042.8161658533,1039929.2393227193,1547405.9746154244
2017-01-26,1446775.2593415426,1413303.6351730481,1045473.2120293152,1548150.106674557
2017-01-27,1446374.3018773857,1411197.158780392,1042993.429365681,1548894.5965793557
2017-01-30,1429702.7056574975,1389648.8700343003,1015636.8460955269,1549639.444501905
2017-01-31,1438461.2523686294,1398724.2314738634,1021465.1250947687,1550384.6506143713
2017-02-01,1440325.7568080125,1400765.5433012662,1024071.26611069,1551130.2150890052
2017-02-02,1444292.0450356072,1406818.279596734,1019996.2092494314,1551876.1380981393
2017-02-03,1448380.3396280431,1414393.7357183709,1025935.0518069244,1552622.4198141894
2017-02-06,1442600.6125001868,1406543.3541344937,1010756.2547384382,1553369.0604096537
2017-02-07,1444519.1189974183,1408947.3350799095,1014009.9823098307,1554116.0600571139
2017-02-08,1447403.605114701,1412521.448953853,1024055.471316654,1554863.4189292348
2017-02-09,1452365.998437366,1415116.3611267812,1026108.7945413191,1555611.137198764
2017-02-10,1463282.9197052342,1432741.701422752,1044430.7556229467,1556359.2150385312
2017-02-13,1471822.7552012387,1448602.898534486,1057745.7669951983,1557107.652621451
2017-02-14,1471376.5019072003,1443277.6595072467,1053718.0945160475,1557856.45012052
2017-02-15,1482606.781594904,1460405.415506567,1073666.9193833712,1558605.6077088185
2017-02-16,1483403.4333202778,1459711.3668975655,1071108.1627495578,1559355.1255595093
2017-02-17,1485615.3854780474,1460503.3421738273,1070065.7063431893,1560105.0038458398
2017-02-20,1493841.2964967866,1472266.6609794055,1082464.6196613596,1560855.2427411391
2017-02-21,1503580.7955868226,1488220.5220771697,1090662.1177659843,1561605.842418821
2017-02-22,1500636.1729419392,1478997.9305576752,1083364.9229214052,1562356.8030523816
2017-02-23,1491087.8711610795,1471536.8748900807,1065532.6004548902,1563066.769230825
2017-02-24,1485816.5582235346,1465654.008466994,1052912.5600202174,1563777.058032099
2017-03-01,1491755.5642621361,1474637.1439185159,1058077.457669952,1564487.66960281
2017-03-02,1484544.4204236728,1459223.6185210475,1040166.1612332575,1565198.6040896308
2017-03-03,1496051.7771887614,1472077.6446740965,1054871.1144806673,1565909.8616393013
2017-03-06,1498579.667816733,1478463.5528087995,1047842.431134698,1566621.4423986278
2017-03-07,1496003.7294613912,1467068.4298165818,1038381.3495072024,1567333.3465144825
2017-03-08,1484255.0865237492,1448872.500004032,1022207.4804144554,1568045.5741338057
2017-03-09,1480057.0841490903,1444323.9017562335,1020106.7728076826,1568758.1254036035
2017-03-10,1488440.343313627,1447738.7263812814,1021528.3042709123,1569471.0004709496
2017-03-13,1498118.4623672862,1457539.4404430585,1035096.0323477382,1570184.1994829837
2017-03-14,1490867.0488019949,1445669.2909891028,1021907.3793277736,1570897.722586913
2017-03-15,1502807.4984888905,1462589.2428895463,1046168.1829668941,1571611.5699300112
2017-03-16,1502134.5208798645,1465640.6779767347,1039028.9360626737,1572325.741659619
2017-03-17,1486891.0363792658,1445568.1664979255,1014183.7250442255,1573040.237923144
2017-03-20,1489343.9037596076,1452269.848200145,1024829.4162244124,1573755.058868061
2017-03-21,1470721.0990874425,1426565.798139358,994756.1283800859,1574470.2046419121
2017-03-22,1471452.2097204863,1427992.078035305,1003301.1119535001,1575185.6753923055
2017-03-23,1474170.6743673342,1432576.295030697,1003459.059893859,1575901.4712669172
2017-03-24,1475237.152478086,1434058.0329228851,1008560.7783674501,1576617.5924134904
2017-03-27,1476127.6875625534,1432425.45743331,1015731.6148597422,1577334.038979835
2017-03-28,1481595.6643189462,1432959.8703815243,1020975.4864796563,1578050.8111138286
2017-03-29,1490790.2613215302,1442009.9095792542,1035001.2635835229,1578767.9089634148
2017-03-30,1487829.5379561472,1440028.3648781683,1030863.0275461208,1579485.3326766063
2017-03-31,1487014.0359963172,1438917.650797468,1026408.895628001,1580203.0824014812
2017-04-03,1490023.7649319598,1444187.3733810033,1029994.3138741471,1580921.1582861862
2017-04-04,1493600.164748148,1447543.9830464835,1038807.8089461713,1581639.5604789348
2017-04-05,1484751.6817596392,1439002.9605255732,1023107.7836745009,1582358.2891280078
2017-04-06,1481528.9995024353,1434999.8156080795,1014389.057366692,1583077.3443817536
2017-04-07,1485113.0755988788,1436525.34253938,1020233.1311599697,1583796.7263885876
2017-04-10,1484997.636906521,1433905.4541536085,1021133.4344200152,1584516.4352969932
2017-04-11,1485168.7782551846,1436134.6439985035,1016552.9441496083,1585236.471255521
2017-04-12,1482413.6944541915,1431655.8598298114,1009160.9805408138,1585956.8344127887
2017-04-13,1473745.1602512323,1417881.6204968991,992323.7300985595,1586621.128292451
2017-04-17,1491649.4569332541,1443252.5047838767,1016158.0742987111,1587285.7004182476
2017-04-18,1488742.1766709606,1443622.7569417504,1013378.1905483953,1587950.5509067245
2017-04-19,1482785.8795384713,1439088.6123668544,1001500.5054334091,1588615.6798744772
2017-04-20,1486252.7327431203,1446193.0453593198,1007091.8625221127,1589281.0874381494
2017-04-24,1489308.4644094417,1449754.106281752,1017010.993176649,1589946.7737144337
2017-04-25,1496847.1639029542,1461679.2000085278,1028999.2418498863,1590612.7388200713
2017-04-26,1497415.4957425857,1464574.6191095798,1024481.9307556229,1591278.9828718533
2017-04-27,1497419.6915267727,1465778.1529841556,1021559.8938589841,1591945.5059866188
2017-04-28,1508705.1759276707,1483170.9355104947,1033026.9143290372,1592612.3082812566
2017-05-02,1524977.197344928,1503556.7767927556,1053860.2476623706,1593279.389872703
2017-05-03,1525606.7386936306,1502333.5171658667,1043941.1170078343,1593946.750877945
2017-05-04,1511288.7466362228,1480326.767776437,1024497.7255496589,1594614.3914140176
2017-05-05,1517141.396333021,1502484.993117543,1037875.916098054,1595282.311598005
2017-05-08,1517210.2585112008,1502438.8482380563,1034969.6739954511,1595950.511547041
2017-05-09,1527081.6322714451,1521612.17387307,1046847.3591104372,1596618.9913783073
2017-05-10,1540033.6830251096,1536738.729173217,1063779.3783169067,1597287.751209036
2017-05-11,1545662.6991169837,1534883.7334353712,1066748.7995956533,1597956.791156507
2017-05-12,1552194.8390156743,1544642.778729596,1077552.4387161992,1598626.1113380508
2017-05-15,1552622.9454025868,1546275.3636310105,1081532.7268132423,1599295.7118710454
2017-05-16,1558711.577401962,1555000.2311910759,1084849.6335607783,1599965.5928729197
2017-05-17,1547950.3878871477,1538799.111940409,1066780.389183725,1600635.7544611502
2017-05-18,1481780.4629578735,1431011.7506040107,972911.928228456,1601306.196753264
2017-05-19,1495974.1105708529,1454427.0171411242,989370.1036138489,1601976.9198668357
2017-05-22,1482555.47214922,1425001.5822625072,974112.3325751832,1602647.923919491
2017-05-23,1495083.5045869017,1450064.9662415944,989733.3838766742,1603319.2090289036
2017-05-24,1502945.7883941156,1466349.5040399584,999131.2863280263,1603990.7753127974
2017-05-25,1502274.9597480756,1464211.808048225,998657.4425069498,1604662.6228889448
2017-05-26,1509326.63099206,1478688.4952479529,1012209.3757897397,1605334.751875168
2017-05-29,1509543.1197706764,1478758.415696781,1007091.8625221127,1606007.1623893382
2017-05-30,1509363.7179813976,1481141.2287259998,1010266.6161233258,1606679.8545493765
2017-05-31,1499600.0615991696,1463989.6617701428,990507.3287844326,1607352.828473253
2017-06-01,1496135.5572429753,1457559.5326566084,983841.9257012889,1607968.9911065197
2017-06-02,1498457.7785119133,1459814.9004760354,987348.3699772555,1608585.3899395703
2017-06-05,1494730.8259434933,1455250.067383641,986384.8875410665,1609202.0250629499
2017-06-06,1499651.8284742443,1463903.1193979052,994361.2585291888,1609818.8965672376
2017-06-07,1504084.4712141533,1475378.955917106,997772.9340409401,1610436.0045430474
2017-06-08,1498531.8780770365,1468776.7631519695,991218.0945160475,1611053.3490810292
2017-06-09,1491216.4649681854,1461198.267688698,982609.9317664898,1611670.9302718658
2017-06-12,1488723.9475630443,1454070.4852073796,974538.7920141522,1612288.7482062762
2017-06-13,1489823.932476308,1458552.8180875753,976576.3204447814,1612906.8029750134
2017-06-14,1493839.9278437612,1463873.666944346,978061.0310841546,1613525.094668866
2017-06-16,1491867.3905421651,1465834.5621458767,973369.9772554965,1614143.623378656
2017-06-19,1495187.550469855,1469309.9758417862,979498.3573414203,1614762.389195242
2017-06-20,1480260.1819499487,1447055.5489881558,959786.4543846349,1615381.392209516
2017-06-21,1475470.7157479713,1440620.9249671758,959723.2752084912,1616000.6325124055
2017-06-22,1481074.5921677197,1447915.7889125021,967778.620166793,1616620.1101948728
2017-06-23,1483681.3085658601,1450755.152646706,964856.5832701542,1617239.8253479146
2017-06-26,1494195.488287392,1466291.555561739,982246.6515036644,1617859.7780625636
2017-06-27,1488173.1868156975,1454473.7124389438,974143.922163255,1618479.9684298858
2017-06-28,1492941.3519070982,1456157.2963331286,979561.5365175639,1619100.3965409836
2017-06-29,1494626.7453024013,1460690.1169758,983052.1859994945,1619721.0624869936
2017-06-30,1504113.3233254584,1473661.3653493207,993492.544857215,1620341.9663590875
2017-07-03,1507179.3732618953,1482121.647854108,999494.5665908516,1620963.1082484715
2017-07-04,1510639.1502725116,1485091.0582277589,998736.4164771291,1621584.4882463873
2017-07-05,1511392.9377402794,1490158.1835341887,997504.42254233,1622206.1064441118
2017-07-06,1507166.1330267945,1491337.5001940168,986700.7834217842,1622827.962932956
2017-07-07,1509263.4768738986,1503035.1128371938,984363.1539044731,1623450.0578042667
2017-07-10,1517294.6804348442,1516025.201271231,995466.8941117008,1624072.391149425
2017-07-11,1524652.903907453,1525934.1197525356,1008213.2928986606,1624694.963059848
2017-07-12,1535338.5879758399,1544231.8924178267,1024071.26611069,1625317.7736269874
2017-07-13,1541911.1275082638,1548584.7261401545,1029473.0856709628,1625940.8229423296
2017-07-14,1545401.5186168368,1554340.201779582,1033548.1425322214,1626564.1110973961
2017-07-17,1546327.9388802506,1560978.9136281516,1030010.108668183,1627187.6381837442
2017-07-18,1547502.4242347043,1570599.8425396094,1032000.2527167046,1627811.4042929653
2017-07-19,1546005.5661600532,1571171.8023433418,1029504.6752590346,1628435.409516687
2017-07-20,1547473.0725620212,1577315.4752300573,1025682.3351023502,1629059.6539465713
2017-07-21,1547280.712845759,1582462.4380798126,1021670.4574172352,1629684.137674315
2017-07-24,1553419.8471449662,1580996.7383317044,1028241.0917361637,1630308.860791651
2017-07-25,1556170.7100020458,1583705.96703637,1037212.5347485469,1630933.8233903467
2017-07-26,1549503.3069770152,1572831.2641585656,1026835.3550669699,1631559.0255622051
2017-07-27,1553249.9446251981,1583150.183711901,1031036.7702805155,1632125.3886467486
2017-07-28,1558053.4930179096,1593120.4261241956,1034511.6249684105,1632691.9483329095
2017-07-31,1561115.9186483,1598742.5238241374,1041192.8228455901,1633258.7046889341
2017-08-01,1564755.9203698505,1602095.879081482,1050606.5200909781,1633825.657783093
2017-08-02,1572582.7506534162,1610181.5071789136,1060399.292393227,1634392.8076836793
2017-08-03,1569924.8375823116,1602709.5418644797,1054728.9613343442,1634960.1544590103
2017-08-04,1570575.504854353,1610906.149939951,1056640.1314126863,1635527.6981774278
2017-08-07,1584440.3484818826,1629280.1832252352,1073098.3067980793,1636095.438907296
2017-08-08,1585852.5591634428,1629683.5035625747,1072450.720242608,1636663.3767170038
2017-08-09,1583392.1449646237,1634300.5594962286,1068849.507202426,1637231.5116749634
2017-08-10,1577534.2140136508,1621220.5804569137,1058124.8420520597,1637799.843849611
2017-08-11,1582561.2391349531,1633651.4998954728,1063921.5314632298,1638368.3733094067
2017-08-14,1592476.7345629297,1657581.2470552654,1078547.51074046,1638937.1001228334
2017-08-15,1597021.6705138986,1662799.4967822866,1079653.146322972,1639506.0243583992
2017-08-16,1601933.6729835821,1675757.5168354753,1083428.1020975485,1640075.1460846346
2017-08-17,1597076.8392962662,1657993.7193124122,1073682.714177407,1640644.465370095
2017-08-18,1604879.8472682405,1667012.1314256059,1085339.2721758909,1641213.982283359
2017-08-21,1605931.5477354538,1676060.1897178064,1084075.68865302,1641783.6968930287
2017-08-22,1621830.0733709391,1713289.7326590277,1105809.3252463988,1642353.6092677312
2017-08-23,1624630.5938410887,1709746.975414392,1113185.4940611573,1642923.7194761161
2017-08-24,1631591.4321556874,1723649.154929241,1123531.0841546627,1643494.0275868578
2017-08-25,1630917.547477541,1723616.2900814505,1122599.1913065454,1644064.533668654
2017-08-28,1632986.935391431,1728487.4683889546,1121698.8880464998,1644635.2377902265
2017-08-29,1635858.3081199494,1729460.3939356485,1126642.658579732,1645206.1400203207
2017-08-30,1633552.583290593,1731466.869200179,1119629.7700277988,1645777.2404277057
2017-08-31,1634398.39422783,1745003.4570159314,1118824.2355319688,1646348.5390811756
2017-09-01,1647367.706615904,1756711.503306484,1136008.9714430124,1646920.0360495467
2017-09-04,1652641.074093305,1779743.3028576428,1139262.6990144048,1647491.7314016605
2017-09-05,1655667.0485058033,1797454.0760354355,1139610.1844831943,1648063.625206382
2017-09-06,1667200.0860542436,1820480.9816771955,1159527.4197624463,1648635.7175326
2017-09-08,1668855.6141013259,1807674.465126497,1154267.7533484963,1649147.7673001084
2017-09-11,1680922.7799225934,1827065.0002398002,1173853.2979529947,1649659.976105154
2017-09-12,1681605.6202340038,1805468.7903473212,1177328.1526408896,1650172.3439971323
2017-09-13,1683491.6511710517,1816386.4915445377,1181261.0563558252,1650684.8710254545
2017-09-14,1684713.563069487,1844756.9883991762,1179191.9383371242,1651197.5572395464
2017-09-15,1697674.846506657,1864630.3736482712,1196566.2117765984,1651710.4026888495
2017-09-18,1703255.8014791713,1864804.7868866648,1200246.3987869597,1652223.4074228206
2017-09-19,1701035.8619275452,1854021.767741181,1199993.6820823858,1652736.571490932
2017-09-20,1696499.9616889383,1842973.0410043916,1200467.5259034622,1653249.8949426713
2017-09-21,1694611.2818591017,1838591.9923018292,1194149.608289108,1653763.3778275417
2017-09-22,1690573.0477305024,1831279.464444105,1190769.5223654283,1654277.020195061
2017-09-25,1674684.049808731,1803154.1111898273,1175811.8524134445,1654790.8220947636
2017-09-26,1673288.8431360323,1806710.9112398403,1173853.2979529947,1655304.783576198
2017-09-27,1666178.7602992351,1778228.4056362037,1165608.4154662623,1655818.904688929
2017-09-28,1663907.1902744642,1785009.6034443078,1161975.6128380087,1656333.1854825362
2017-09-29,1676107.7272452489,1812806.70634927,1173458.4281020975,1656847.6260066153
2017-10-02,1678077.212286337,1825713.0931825477,1174500.884508466,1657362.2263107765
2017-10-03,1698346.9118213875,1859177.6032137375,1212455.7745766996,1657876.9864446465
2017-10-04,1697961.8587691586,1862814.613286481,1209739.0700025272,1658391.9064578663
2017-10-05,1699054.2385194935,1859998.5144014375,1210165.5294414961,1658906.9864000934
2017-10-06,1697286.7218107274,1859970.2066719616,1201273.0603992925,1659422.2263209992
2017-10-09,1691692.0149787266,1849659.2281014977,1196092.367955522,1659937.6262702723
2017-10-10,1702366.088574866,1869612.1775109635,1214572.2769775083,1660453.1862976155
2017-10-11,1701099.9023082769,1859181.3522060306,1210828.9107910034,1660968.9064527475
2017-10-13,1705037.9691975808,1850666.1986762567,1216041.1928228457,1661484.7867854026
2017-10-16,1701793.3765132283,1837475.629719757,1214493.3030073289,1662000.8273453305
2017-10-17,1693634.8108372563,1811098.7400096024,1203579.1003285318,1662517.0281822956
2017-10-18,1699098.1645766706,1841429.3791838284,1209739.0700025272,1663033.3893460787
2017-10-19,1695667.6657047071,1831356.5184193724,1204874.2734394744,1663549.9108864758
2017-10-20,1700063.2445786374,1843411.7459721004,1206580.11119535,1664066.5928532977
2017-10-23,1693419.2108859753,1825245.6339515934,1191132.8026282538,1664583.435296372
2017-10-24,1698649.154923769,1835115.5794491814,1205932.5246398787,1665100.438265541
2017-10-25,1700441.0995853643,1840777.2914437081,1211002.653525398,1665617.6018106616
2017-10-26,1695473.1219918292,1819324.5875570423,1198761.6881475865,1666088.9049672703
2017-10-27,1694798.288568228,1815271.2057128088,1200025.2716704574,1666560.3414838198
2017-10-30,1678895.038173684,1790438.5316200163,1181450.5938842557,1667031.9113980464
2017-10-31,1673314.545392316,1784777.781419319,1173679.5552186,1667503.6147476954
2017-11-01,1666918.6209995237,1784464.9981985851,1166034.8749052312,1667975.4515705244
2017-11-03,1665448.8434006427,1764619.7896722963,1167472.2011624968,1668447.4219043008
2017-11-06,1668011.705524599,1757559.4729475516,1173726.9396007075,1668919.5257868033
2017-11-07,1653864.5052647043,1724511.1930460278,1143780.0101086681,1669391.7632558197
2017-11-08,1670961.56592726,1762059.1886553841,1174548.2688905736,1669864.1343491508
2017-11-09,1659483.745577327,1732374.6411296676,1151930.1238311853,1670336.6391046064
2017-11-10,1651699.8570520203,1710772.912091018,1139847.1063937326,1670809.2775600075
2017-11-13,1655732.5012295176,1723415.6141568802,1144727.6977508212,1671282.0497531858
2017-11-14,1644553.8558665174,1718685.7651993588,1118697.8771796816,1671754.9557219842
2017-11-16,1661087.5113688954,1754158.9356884265,1145312.105130149,1672227.9955042554
2017-11-17,1670040.347483788,1776597.4077888255,1159922.2896133435,1672701.1691378634
2017-11-21,1681444.5733100942,1798033.7096336337,1178212.6611068991,1673174.4766606828
2017-11-22,1681058.7834262794,1800075.8725288901,1177012.2567601718,1673647.918110599
2017-11-23,1681249.4970889804,1795242.8142811067,1176506.8233510235,1674121.4935255076
2017-11-24,1680635.624622772,1802218.801657295,1171294.5413191812,1674595.2029433157
2017-11-27,1681039.8695960639,1797495.6979887672,1169746.6515036644,1675069.0464019408
2017-11-28,1681834.5437680164,1792406.3315021128,1171026.0298205712,1675543.0239393106
2017-11-29,1670514.7037647218,1772216.3852343997,1148281.5264088956,1676017.1355933647
2017-11-30,1658411.214245257,1749317.25162422,1136767.121556735,1676491.3814020522
2017-12-01,1662070.309079545,1755747.234097916,1141394.9962092494,1676965.761403334
2017-12-04,1671778.1726291343,1765510.4274424596,1154441.496082891,1677440.2756351808
2017-12-05,1666887.1179747356,1759278.8889950912,1145849.1281273693,1677914.9241355746
2017-12-06,1673336.3681721073,1771352.4486480707,1157252.9694212787,1678389.706942508
2017-12-07,1668269.500329428,1775312.78385827,1144917.235279252,1678833.540316612
2017-12-08,1672306.655368199,1792828.2231065356,1148786.959818044,1679277.4910580134
2017-12-11,1671161.3004958003,1788499.584060358,1149861.0058124843,1679721.5591977485
2017-12-12,1680281.1140455268,1800320.6293768995,1165876.9269648723,1680165.7447668628
2017-12-13,1675579.6221466565,1789435.4674249873,1151661.6123325753,1680610.0477964093
2017-12-14,1670614.4449512505,1784324.0447429125,1144001.1372251706,1681054.4683174484
2017-12-15,1678270.722473983,1796557.6308950544,1146828.4053575941,1681499.0063610505
2017-12-18,1681133.7171133636,1800790.83636866,1154836.3659337882,1681943.6619582926
2017-12-19,1675757.0430570187,1785911.2480508613,1147965.6305281778,1682388.4351402607
2017-12-20,1685006.6666441662,1804003.7572668854,1158816.6540308315,1682833.3259380495
2017-12-21,1701198.3494060005,1834966.1806724437,1186710.2602982058,1683278.3343827606
2017-12-22,1701953.5796564932,1839103.9585965932,1187563.1791761436,1683723.4605055049
2017-12-26,1708275.1704320041,1853132.7418418797,1195476.3709881224,1684168.704337401
2017-12-27,1711943.1562042658,1866608.4430563312,1201557.3666919384,1684614.0659095761
2017-12-28,1717740.3163015952,1883785.9741635227,1206753.8539297448,1685059.545253165
2017-12-29,1717998.8939370094,1883919.1764892251,1206753.8539297448,1685505.142399312
2018-01-02,1732073.07681941,1897529.666361924,1230272.3022491788,1685950.8573791683
2018-01-03,1737404.0717207817,1900114.5262042077,1231914.9608289108,1686396.6902238936
2018-01-04,1742206.7524592122,1911481.340613324,1242213.1665403084,1686842.6409646566
2018-01-05,1743029.862429429,1908450.8611630083,1248910.1592115238,1687288.7096326333
2018-01-08,1744231.3584437578,1909402.2217655247,1253774.9557745766,1687734.8962590087
2018-01-09,1738765.9479918138,1897551.2357660017,1245640.6368460956,1688181.2008749754
2018-01-10,1736373.503903008,1891325.5285056138,1235168.6884003032,1688627.6235117351
2018-01-11,1746963.514948095,1906441.8660901263,1253553.8286580744,1689074.1642004962
2018-01-12,1744310.782808748,1901048.2777910808,1253301.1119535002,1689520.8229724776
2018-01-15,1750546.2312088264,1912889.692756726,1259666.413949962,1689967.5998589045
2018-01-16,1753271.1031457938,1913844.6190562407,1260929.997472833,1690414.4948910112
2018-01-17,1762919.236585018,1930210.1130280485,1282363.53297953,1690861.5081000403
2018-01-18,1760065.890504826,1919051.553823326,1278793.9095274198,1691308.639517242
2018-01-19,1761390.349729101,1920438.2322063728,1282853.1715946423,1691755.889173876
2018-01-22,1762710.86593921,1922728.0524997816,1290039.8028809705,1692203.2571012091
2018-01-23,1754100.6609484726,1900488.3691993505,1274292.3932271923,1692650.743330517
2018-01-24,1782583.7781803652,1959668.3382127397,1321708.3649229214,1693098.3478930835
2018-01-26,1798066.0780676652,1987539.1216578044,1350944.528683346,1693546.0708202005
2018-01-29,1793322.352571719,1980655.6131362228,1337787.4652514532,1693993.9121431683
2018-01-30,1791677.5288154096,1975858.5491653495,1334375.789739702,1694441.8718932956
2018-01-31,1797359.29909595,1985028.834303272,1341183.3459691685,1694889.9501018988
2018-02-01,1801429.3019610567,1997664.6910047457,1350375.916098054,1695338.1468003038
2018-02-02,1792691.7471004543,1972927.204601347,1327410.2855698762,1695786.462019844
2018-02-05,1780072.6384552976,1939628.8190058449,1292977.6345716452,1696234.8957918603
2018-02-06,1791684.9579653088,1963311.4777271703,1325088.450846601,1696683.4481477037
2018-02-07,1787925.884727832,1947550.3724292621,1307287.7179681577,1697132.1191187317
2018-02-08,1777760.9752508297,1924376.1063227558,1287796.9421278746,1697565.1423789249
2018-02-09,1771866.0169762317,1904969.3004820845,1277783.042709123,1697998.2761250031
2018-02-14,1788601.9800890062,1941881.2109485618,1319544.4781400051,1698431.5203851566
2018-02-15,1792559.192393,1958607.921077294,1331358.9840788476,1698864.8751875833
2018-02-16,1793285.5858558244,1958802.9291186118,1335054.965883245,1699298.3405604875
2018-02-19,1796413.673222425,1975307.8401053427,1339287.9706848622,1699731.9165320816
2018-02-20,1798533.624983315,1986357.9117456132,1355256.5074551427,1700165.603130585
2018-02-21,1802514.3224813894,1983334.1852478923,1359173.6163760424,1700599.4003842236
2018-02-22,1802958.6469614883,1995160.9505078634,1369187.515794794,1701033.308321232
2018-02-23,1808893.0950628987,2022067.727843095,1378774.9557745766,1701467.3269698503
2018-02-26,1814664.6034181076,2042601.7362744247,1384461.0816274956,1701901.4563583266
2018-02-27,1811167.782702541,2029537.4840806527,1373120.4195097296,1702335.6965149166
2018-02-28,1801661.8237878678,2014091.3958226456,1350154.7889815518,1702770.0474678825
2018-03-01,1801189.067922779,2018243.0330412819,1348527.9251958556,1703204.5092454941
2018-03-02,1801284.523464534,2020270.3016269035,1354577.3313115996,1703639.0818760283
2018-03-05,1804585.2663777627,2016443.727325101,1358715.5673490018,1704073.765387769
2018-03-06,1799599.869772141,2002428.233863558,1352871.493555724,1704508.559809008
2018-03-07,1797513.3534230343,2003346.5966445787,1350202.1733636593,1704943.4651680433
2018-03-08,1795135.1242208248,1996102.8404891738,1342320.5711397524,1705378.4814931813
2018-03-09,1802904.2098440307,2021036.8599345458,1364212.15567349,1705813.6088127345
2018-03-12,1808773.0246736824,2034964.6307256848,1372567.6017184735,1706248.8471550231
2018-03-13,1809091.648094905,2028714.7400475694,1364417.4879959566,1706684.196548375
2018-03-14,1808185.7559555967,2014811.212022628,1359157.8215820065,1707119.6570211246
2018-03-15,1801330.684964592,2005818.9986561053,1341420.2678797068,1707555.2286016135
2018-03-16,1803411.6295438393,2010611.5261873982,1340756.8865301996,1707990.9113181916
2018-03-19,1798096.1016269084,1993251.8580468388,1325388.5519332828,1708426.7051992146
2018-03-20,1799459.4070338572,1993649.9183852463,1329353.0452362902,1708862.6102730464
2018-03-21,1803185.970196782,2004568.639776639,1342194.2127874652,1709298.6265680576
2018-03-22,1802692.9926640699,2011252.9237354584,1338893.1008339652,1709718.8234494266
2018-03-23,1801086.908966199,2000927.7084966414,1332717.3363659338,1710139.123627795
2018-03-26,1804722.123111001,2027738.3799790202,1343947.4349254486,1710559.5271285563
2018-03-27,1798762.1295054865,2003135.6219293145,1323730.0985595149,1710980.0339771102
2018-03-28,1797827.086147702,1998233.2162580201,1324772.5549658833,1711400.6441988624
2018-03-29,1808753.5573372592,2020955.1046399793,1348338.3876674247,1711821.3578192256
2018-04-02,1800783.246928028,2002815.8656775055,1337282.0318423049,1712242.174863618
2018-04-03,1801957.395315416,2000848.7078166243,1336602.8556987618,1712663.0953574646
2018-04-04,1800970.4607124657,1998347.6788220422,1332448.8248673237,1713084.1193261961
2018-04-05,1807371.1861742828,2014177.7866429405,1345874.3997978265,1713505.24679525
2018-04-06,1805394.9442558624,1998276.0326253222,1339714.4301238311,1713926.4777900695
2018-04-09,1799816.0312800817,1972196.033160702,1315816.906747536,1714347.8123361047
2018-04-10,1808152.5249493434,1977210.6356146322,1334818.0439727067,1714769.250458811
2018-04-11,1809872.5190697818,1988495.5251900055,1346443.0123831185,1715190.792183651
2018-04-12,1814665.9725999846,2005306.5680656966,1349570.381602224,1715612.4375360934
2018-04-13,1809097.0730511767,1991224.3915696768,1332038.1602223907,1716034.1865416125
2018-04-16,1802138.720420591,1968356.346722947,1308788.2234015667,1716456.03922569
2018-04-17,1808318.9364822714,1983424.0633984806,1328121.051301491,1716877.9956138125
2018-04-18,1816194.914008166,1995627.3051114983,1354814.253222138,1717300.0557314742
2018-04-19,1814694.10193506,1987683.0440431777,1355572.4033358605,1717722.2196041744
2018-04-20,1816253.1441573699,1988769.6424541655,1351244.6297700277,1718144.4872574196
2018-04-23,1817181.0776566411,1994154.932338419,1352065.9590598939,1718566.8587167216
2018-04-24,1817138.7406451646,1996282.8065511072,1349965.251453121,1718989.3340075999
2018-04-25,1819605.7897660902,1999233.827624973,1343252.4639878697,1719411.913155579
2018-04-26,1821398.4440722445,2014565.4030255238,1364401.6932019207,1719834.5961861897
2018-04-27,1821412.2315584514,2015802.8981921072,1365380.9704321455,1720257.38312497
2018-04-30,1819564.8646168804,2015624.9437049136,1360168.6884003032,1720680.2739974633
2018-05-02,1811244.3750624808,1985827.8347535585,1335402.4513520345,1721103.2688292197
2018-05-03,1805225.196512788,1950310.2832842916,1315516.805660854,1721526.3676457962
2018-05-04,1805900.1408798385,1950995.4691674367,1312831.6906747536,1721949.5704727543
2018-05-07,1802108.027585967,1932492.363592755,1306450.5938842557,1722372.8773356634
2018-05-08,1805149.057209093,1972277.9997392755,1310272.9340409401,1722796.2882600988
2018-05-09,1812411.7729080583,1987445.2581406191,1330948.3194339145,1723219.8032716415
2018-05-10,1817754.8265523915,1992325.1860564877,1356156.8107151883,1723643.4223958796
2018-05-11,1808779.8749838779,1969061.7182033558,1346032.3477381854,1724067.145658407
2018-05-14,1798543.0626240524,1949583.4311590532,1346221.885266616,1724490.9730848242
2018-05-15,1792188.9307791248,1937631.334990125,1344610.8162749559,1724914.9047007372
2018-05-16,1804192.5545544166,1973556.990533331,1366834.091483447,1725338.9405317595
2018-05-17,1784582.0587286304,1930009.0610368706,1320792.26686884,1725763.0806035101
2018-05-18,1783146.8785286236,1910973.7423142802,1312263.0780894617,1726187.3249416149
2018-05-21,1778443.561809056,1912808.3115368183,1292251.0740459946,1726611.6735717051
2018-05-22,1793568.2106027897,1951205.2097840158,1306845.463735153,1727036.1265194193
2018-05-23,1784819.9510071904,1918078.8854568044,1277277.6092999747,1727460.6838104012
2018-05-24,1784179.8833618774,1919620.9615190038,1265510.4877432398,1727885.345470302
2018-05-25,1775350.0960131856,1901412.341597412,1246177.6598433156,1728310.1115247787
2018-05-28,1748642.6761525818,1833408.2026261347,1190232.4993682082,1728734.9819994946
2018-05-29,1750826.3826666577,1842784.1618501584,1201541.5718979025,1729159.9569201197
2018-05-30,1758567.0268811109,1866019.9199090425,1212313.6214303765,1729585.0363123291
2018-06-01,1771160.9853059743,1908150.5076730852,1219989.891331817,1730010.2202018057
2018-06-04,1777870.9569427473,1952010.7722062743,1241407.632044478,1730435.508614238
2018-06-05,1759572.7303606018,1908546.055673694,1210544.6044983573,1730860.9015753202
2018-06-06,1750858.0674980932,1871314.1983736847,1202252.3376295173,1731286.3991107545
2018-06-07,1736679.3417187557,1816669.4344221447,1166461.3343442,1731712.0012462477
2018-06-08,1736237.037903676,1816680.2138054725,1152103.86656558,1732137.7080075138
2018-06-11,1728670.9359176662,1806746.3176275438,1142089.9671468283,1732563.5194202731
2018-06-12,1735249.7601287826,1821724.6081599146,1149134.4452868334,1732989.4355102521
2018-06-13,1730429.8181204437,1824075.6015217574,1139152.1354561537,1733415.4563031835
2018-06-14,1720621.0561796068,1827662.3206743484,1128079.9848369977,1733841.581824806
2018-06-15,1717754.2763490381,1816447.1208998815,1117608.0363912054,1734267.812100866
2018-06-18,1710421.6847915067,1803148.5558521817,1102713.5456153653,1734694.1471571147
2018-06-19,1723991.2945221378,1840234.0971965215,1127653.5253980288,1735120.58701931
2018-06-20,1731991.888921597,1844402.3428854588,1139167.9302501895,1735547.1317132167
2018-06-21,1714433.653460512,1813639.6200054123,1106820.1920646955,1735973.7812646057
2018-06-22,1717962.199078428,1823211.868850632,1115760.045489007,1736400.535699254
2018-06-25,1720810.286632309,1826863.3730511162,1120688.021228203,1736827.3950429445
2018-06-26,1722158.6741547766,1832375.6263147134,1127827.2681324235,1737254.3593214676
2018-06-27,1713580.612344257,1809412.5564700633,1115254.6120798585,1737681.4285606195
2018-06-28,1723589.0139953662,1827958.207735823,1133544.9835734142,1738108.6027862022
2018-06-29,1732264.5483889559,1848768.1911507247,1149276.5984331565,1738535.8820240248
2018-07-02,1732277.891717549,1841402.871892395,1150492.7975739196,1738963.2662999027
2018-07-03,1745909.1978441165,1855839.7387698449,1163570.887035633,1739390.7556396571
2018-07-04,1757234.1376368,1874808.5553208576,1180550.2906242101,1739818.3500691159
2018-07-05,1752079.9586715598,1852342.9834841257,1177549.279757392,1740246.049614113
2018-07-06,1758433.9421907673,1861880.5632567462,1184767.5006317918,1740673.8543004896
2018-07-10,1757622.0386650213,1849502.0358194066,1182429.8711144808,1741101.7641540922
2018-07-11,1752573.4934626606,1835567.3726159183,1175116.8814758656,1741529.779200774
2018-07-12,1762050.3532574284,1875729.057454346,1198129.8963861512,1741957.899466395
2018-07-13,1770544.8899319104,1895313.847615124,1209786.4543846347,1742386.1249768205
2018-07-16,1770494.6098831552,1904487.3772690836,1210718.347232752,1742814.4557579232
2018-07-17,1780921.9156007008,1934684.196898739,1234047.2580237554,1743242.891835582
2018-07-18,1773132.915750428,1913853.3946500206,1221932.650998231,1743671.4332356818
2018-07-19,1779984.7198223355,1926094.6953645486,1223891.2054586809,1744100.0799841138
2018-07-20,1796478.5133304885,1953326.25637519,1241012.762193581,1744528.8321067763
2018-07-23,1786995.116387168,1938571.6194317145,1231930.7556229467,1744957.6896295727
2018-07-24,1794763.8237011381,1966603.1341043543,1250236.9219105383,1745386.6525784142
2018-07-25,1803030.021969318,1977805.934975329,1267026.787970685,1745815.7209792172
2018-07-26,1795218.3458792446,1958229.9556528472,1254185.6204195097,1746244.8948579056
2018-07-27,1795449.0529687447,1953598.1361482125,1261467.020470053,1746674.1742404082
2018-07-30,1796352.0592188279,1957626.5786308616,1267942.8860247661,1747103.5591526616
2018-07-31,1785991.1412690135,1952886.005761567,1251263.583522871,1747533.0496206076
2018-08-01,1791785.9690973351,1963534.2932812672,1252558.7566338135,1747962.6456701958
2018-08-02,1794568.8112152028,1970191.019946495,1257850.0126358352,1748392.3473273807
2018-08-03,1809372.922682164,1994417.4926011069,1286249.0523123578,1748822.1546181242
2018-08-06,1807040.072147674,1992451.8511245986,1280183.8514025777,1749252.0675683937
2018-08-07,1798219.7732117216,2000589.7363936645,1269064.3164013142,1749682.086204164
2018-08-08,1787274.9885399274,1969015.650825822,1250189.5375284306,1750112.2105514153
2018-08-09,1781398.443419712,1976920.757415613,1244124.3366186505,1750542.440636135
2018-08-10,1758627.824734943,1929621.8974452394,1208522.870861764,1750972.7764843164
2018-08-13,1766936.3412153688,1947114.7310439094,1224033.3586050037,1751403.2181219591
2018-08-14,1780365.0782563237,1963848.89119121,1241502.4008086934,1751833.76557507
2018-08-15,1767939.129066012,1942864.311854165,1217431.1346980035,1752264.4188696612
2018-08-16,1769613.551015882,1940985.0254476494,1213340.283042709,1752695.178031752
2018-08-17,1758341.550668697,1922729.5588734343,1200862.3957543594,1753126.0430873672
2018-08-20,1758850.7051695639,1939833.2173619736,1205585.0391710892,1753557.0140625392
2018-08-21,1745124.5988016212,1899278.737564508,1187452.6156178922,1753988.090983306
2018-08-22,1759839.651566241,1927529.3689249586,1214651.2509476875,1754419.2738757122
2018-08-23,1744250.9513393363,1898361.9390753962,1194623.4521101846,1754850.562765809
2018-08-24,1746673.1262854014,1903038.4001266863,1204542.5827647208,1755281.9576796535
2018-08-27,1761819.5630729273,1924157.889433036,1230888.2992165782,1755713.4586433098
2018-08-28,1756501.006341116,1911362.5754444867,1223670.0783421784,1756145.0656828478
2018-08-29,1762406.0576621855,1930745.7290405203,1238138.1096790498,1756576.7788243445
2018-08-30,1743049.4530817056,1891014.6735509138,1206785.4435178165,1757008.5980938827
2018-08-31,1746991.230354647,1902305.6421639912,1211113.2170836492,1757440.5235175518
2018-09-03,1743481.5101564452,1886020.8392866831,1203452.7419762446,1757872.5551214481
2018-09-04,1733225.8026892361,1845158.0756281735,1180060.6520090979,1758304.6929316735
2018-09-05,1733770.8203884289,1857763.9417515174,1186062.6737427344,1758736.9369743366
2018-09-06,1743006.224000635,1883420.008488157,1206974.981046247,1759169.287275553
2018-09-10,1743408.462372301,1872653.504564708,1207290.8769269648,1759601.7438614438
2018-09-11,1728258.6045367352,1841385.8472861089,1179191.9383371242,1760034.306758137
2018-09-12,1728165.0330447576,1844710.9373422272,1186583.9019459186,1760466.975991767
2018-09-13,1722440.5942316228,1826667.0931152247,1179665.7821582006,1760899.751588475
2018-09-14,1727209.7944368266,1834274.0918646043,1191385.519332828,1761332.6335744078
2018-09-17,1740792.5234293377,1862413.3577870275,1212866.4392216324,1761765.621975719
2018-09-18,1755650.7247773532,1896058.1662231674,1236953.5001263584,1762198.7168185692
2018-09-19,1750364.6115657343,1874716.794639564,1234663.254991155,1762631.9181291244
2018-09-20,1748824.5641044728,1872133.989139366,1233826.130907253,1763065.225933558
2018-09-21,1761189.2061081196,1905856.746848425,1254801.6173869092,1763498.6402580491
2018-09-24,1749110.1732450724,1880557.5908895198,1231741.218094516,1763932.1611287836
2018-09-25,1752051.8702147352,1884650.2176833143,1241944.6550416984,1764365.7885719535
2018-09-26,1755464.4442444406,1884584.7171150746,1242355.3196866312,1764799.5226137582
2018-09-27,1767478.0186279581,1908642.7742377685,1263583.5228708617,1765233.3632804023
2018-09-28,1760160.782252104,1895104.0910240312,1253190.5483952488,1765667.3105980973
2018-10-01,1740953.8566088967,1875807.0919181337,1241849.8862774828,1766102.0178899667
2018-10-02,1773829.619200679,1942176.0787623313,1289044.7308567096,1766536.8322067715
2018-10-03,1796851.6475788206,1994847.9824637275,1315279.883750316,1766971.7535748607
2018-10-04,1799478.1870849212,1997849.3410815957,1310225.5496588324,1767406.7820205912
2018-10-05,1796866.5830465783,2003501.511081406,1300259.0346221884,1767841.9175703248
2018-10-08,1833330.962037213,2071496.8409764913,1359679.0497851907,1768277.1602504307
2018-10-09,1831945.6136372997,2081020.3156241144,1359742.2289613343,1768712.5100872845
2018-10-10,1811298.7753155252,2028804.9528371508,1321692.5701288856,1769147.9671072683
2018-10-11,1805345.598987017,2033419.10548498,1309720.116249684,1769583.5313367704
2018-10-15,1808026.822228583,2040589.073624387,1316654.030831438,1770019.202802186
2018-10-16,1826876.2386350532,2095128.4975692714,1353898.1551680567,1770454.9815299157
2018-10-17,1830588.8889892502,2104987.6214338723,1354624.7156937073,1770890.8675463686
2018-10-18,1820593.881934309,2083880.9962190993,1324346.0955269143,1771326.8608779586
2018-10-19,1825167.0214334494,2113659.354091391,1330237.5537022997,1771762.961551107
2018-10-22,1836448.7610279662,2128893.613937422,1351986.9850897144,1772199.169592241
2018-10-23,1843546.3158605003,2137487.294476146,1347295.9312610563,1772635.4850277947
2018-10-24,1825633.0325879129,2109303.1775056827,1311978.7717968158,1773071.9078842087
2018-10-25,1837905.7241352168,2128751.4244518727,1328089.4617134193,1773508.4381879298
2018-10-26,1847105.726145142,2142900.7540445365,1353929.7447561284,1773945.0759654122
2018-10-29,1835981.2461339985,2116824.2657813886,1323556.3558251201,1774381.8212431148
2018-10-30,1859738.5688507555,2164071.92202486,1372346.4746019712,1774818.674047505
2018-10-31,1862493.2445589928,2164921.4938126383,1380844.0737932778,1775255.6344050555
2018-11-01,1873746.5403638768,2184514.298012043,1396559.893858984,1775692.7023422464
2018-11-05,1887105.0761279715,2211573.256990607,1415181.9560272933,1776129.8778855633
2018-11-06,1881013.2537232856,2161711.9511845727,1400508.5923679555,1776567.1610614988
2018-11-07,1871322.3466482812,2128036.9982206286,1385424.5640636845,1777004.5518965526
2018-11-08,1851809.4200611806,2096714.052785351,1352350.2653525397,1777442.0504172298
2018-11-09,1861811.7335830736,2105110.49503107,1352681.9560272933,1777879.6566500426
2018-11-12,1862593.7316585188,2124558.8713058825,1350849.7599191307,1778317.37062151
2018-11-13,1860412.8171557817,2120757.5826999163,1341199.1407632045,1778755.1923581571
2018-11-14,1870499.2669777544,2135961.291757824,1357925.8276472075,1779193.121886516
2018-11-16,1895801.8632117403,2177227.9963890915,1398076.1940864292,1779631.1592331247
2018-11-19,1890620.5920248807,2164458.031884043,1388378.1905483953,1780069.304424528
2018-11-21,1887693.0277041546,2158267.892386757,1378395.8807177155,1780507.5574872775
2018-11-22,1893095.7434345272,2175746.9142775787,1381681.1978771796,1780945.918447931
2018-11-23,1888592.3440272207,2174124.5997880087,1361985.08971443,1781384.387333053
2018-11-26,1881156.583682987,2151505.9993327805,1351197.2453879202,1781822.9641692147
2018-11-27,1902290.4424631868,2210310.3787287297,1388220.2426080364,1782261.648982993
2018-11-28,1912037.9512024263,2228352.0934240343,1409701.162496841,1782700.441800973
2018-11-29,1917068.1743425357,2235373.3476286917,1416950.9729593126,1783139.3426497446
2018-11-30,1913062.0159802279,2209116.4931785148,1413697.2453879202,1783578.351555905
2018-12-03,1913782.7801895365,2207962.8453355655,1418688.40030326,1784017.4685460583
2018-12-04,1906505.3681292448,2200702.102910033,1399797.8266363407,1784456.6936468144
2018-12-05,1915186.4190162402,2213467.7923639407,1406368.4609552692,1784896.0268847905
2018-12-06,1916586.2482214638,2217170.0796413887,1403304.2709123073,1785335.4682866097
2018-12-07,1909470.5562952196,2205984.8632206195,1391758.276472075,1785775.0178789024
2018-12-10,1896554.459617171,2174996.9421643964,1357009.729593126,1786214.675688304
2018-12-11,1905068.7280297594,2197912.285313936,1364986.1005812485,1786654.4417414586
2018-12-12,1911019.2107962351,2216775.3914652593,1373783.8008592369,1787094.3160650155
2018-12-13,1918009.654357876,2222358.6166784666,1387383.1185241344,1787534.298685631
2018-12-14,1915953.1213608442,2224677.1360434145,1381254.7384382107,1787974.3896299673
2018-12-17,1905626.200386096,2205468.816420907,1364670.2047005307,1788414.5889246946
2018-12-18,1910872.0639647117,2227619.4205384552,1367987.1114480668,1788854.896596488
2018-12-19,1904854.131036769,2217524.33971739,1353203.1842304775,1789295.3126720302
2018-12-20,1906435.7980192276,2218013.2347829198,1346806.2926459438,1789735.8371780103
2018-12-21,1909744.3765509767,2237352.442233102,1353566.464493303,1790176.4701411235
2018-12-26,1902227.3503653046,2210550.178038904,1344705.5850391712,1790617.2115880726
2018-12-27,1910820.7047557393,2215644.287807633,1349823.0983067981,1791058.0615455655
2018-12-28,1929644.4706163097,2263082.2690032553,1388157.0634318928,1791499.0200403181
2019-01-02,1959226.1882022016,2312686.5071210265,1437515.7947940358,1791940.0870990523
2019-01-03,1966998.5578349447,2335785.62901065,1446234.5211018447,1792381.2627484961
2019-01-04,1965815.305785897,2316271.8703782405,1450609.6790497852,1792822.547015385
2019-01-07,1961134.734219925,2314992.6422840795,1448366.8182966893,1793263.9399264604
2019-01-08,1962794.2321889896,2317151.6173998057,1453626.4847106393,1793705.4415084703
2019-01-09,1976425.0263795212,2335577.469130927,1478598.0540813748,1794147.05178817
2019-01-10,1984845.1436892739,2353613.6354942597,1481646.4493303008,1794588.7707923204
2019-01-11,1989850.9484267992,2352358.326863967,1479308.8198129896,1795030.5985476896
2019-01-14,2001894.6485038095,2369477.8189708474,1492197.3717462723,1795472.5350810525
2019-01-15,1999822.472325633,2355917.540813589,1485595.1478392722,1795914.5804191895
2019-01-16,1999435.1020043264,2352902.362378323,1490917.9934293656,1796356.7345888887
2019-01-17,2005492.2553674723,2363136.4740182697,1506049.4061157443,1796798.9976169446
2019-01-18,2001790.717530711,2368807.9104703977,1517832.322466515,1797241.3695301581
2019-01-21,2004238.1669982637,2353761.128196017,1516458.175385393,1797683.8503553364
2019-01-22,2002284.7347825388,2332320.2848570496,1502132.2971948446,1798126.440119294
2019-01-23,2016056.1654669754,2378057.0128101367,1525113.7225170585,1798569.1388488514
2019-01-24,2031517.7510045166,2394952.4570474653,1542788.0970432146,1799011.9465708362
2019-01-28,2033349.0529202193,2393228.1509321234,1507518.3219610816,1799454.8633120821
2019-01-29,2038489.689034545,2430595.3905515275,1510598.3067980793,1799897.8890994296
2019-01-30,2045033.8227443798,2442588.194802652,1532031.8423047764,1800341.0239597263
2019-01-31,2041431.6584708297,2447010.601738929,1538318.1703310588,1800784.2679198252
2019-02-01,2043775.1651000548,2452622.860853079,1545694.3391458176,1801227.6210065873
2019-02-04,2047210.140212127,2457265.738246052,1557192.9492039424,1801671.0832468793
2019-02-05,2044133.8192485734,2447357.777892834,1552801.996461966,1802114.654667575
2019-02-06,2022558.8539519967,2382562.3859892045,1494756.1283800858,1802558.3352955543
2019-02-07,2019363.743555282,2369537.208016794,1491123.3257518322,1803002.125157704
2019-02-08,2026091.2962771696,2397142.184977908,1505923.047763457,1803446.024280918
2019-02-11,2019805.7992460881,2370802.4178535556,1491233.8893100834,1803890.0326920962
2019-02-12,2019681.584860715,2383014.803204748,1518953.7528430629,1804334.1504181453
2019-02-13,2019738.8709307963,2372046.9266870623,1513804.6499873642,1804778.3774859784
2019-02-14,2031358.1574616332,2422319.33471738,1548126.7374273438,1805222.7139225157
2019-02-15,2025483.4763931998,2392773.1590865995,1540403.0831437958,1805667.1597546835
2019-02-18,2025102.3750260866,2394890.581455159,1524355.572403336,1806111.715009415
2019-02-19,2027594.6205551005,2410816.2986789504,1542503.7907505685,1806556.3797136506
2019-02-20,2019600.1425635712,2370637.431122244,1524908.3901945918,1807001.1538943364
2019-02-21,2019257.1680687768,2373797.0697277044,1531020.9754864797,1807446.0375784251
2019-02-22,2026418.5682063287,2432095.4471266717,1546089.2089967148,1807891.030792877
2019-02-25,2029249.7059070123,2415590.5200167093,1535885.7720495325,1808336.1335646582
2019-02-26,2028438.5670618643,2428007.7087383815,1541619.282284559,1808781.3459207423
2019-02-27,2030747.3495320769,2431843.394728102,1536944.0232499368,1809226.667888108
2019-02-28,2024908.6219018796,2397355.0861246665,1509729.5931261056,1809672.0994937422
2019-03-01,2024570.7350777758,2391779.014345353,1494250.6949709377,1810117.6407646376
2019-03-06,2018662.13382994,2369956.7279831055,1488138.1096790498,1810563.2917277943
2019-03-07,2011941.577126047,2371629.26885396,1490080.8693454638,1811009.052410218
2019-03-08,2025257.263708166,2406607.888908168,1506270.5332322468,1811454.9228389214
2019-03-11,2036750.7666438108,2439957.316267949,1548316.2749557747,1811900.9030409246
2019-03-12,2040894.3781327957,2432075.263086241,1545173.1109426334,1812346.9930432532
2019-03-13,2045205.597488695,2437559.922992528,1562168.3093252464,1812793.1928729403
2019-03-14,2043884.8319519216,2429993.8283704827,1557445.6659085166,1813239.502557026
2019-03-15,2044262.6913118751,2434795.3490716694,1565848.4963356077,1813685.9221225558
2019-03-18,2048864.3753131493,2457612.92750762,1579384.634824362,1814132.4515965825
2019-03-19,2046025.4136813465,2454940.8802333083,1572971.9484457923,1814579.0910061656
2019-03-20,2039134.0674335398,2436473.022487437,1548537.402072277,1815025.8403783718
2019-03-21,2029709.0686811465,2417144.62685813,1527814.6322971948,1815472.699740273
2019-03-22,2010513.2361232545,2352505.794913899,1480525.018953753,1815919.6691189492
2019-03-25,2013109.0950328102,2356681.025000981,1479371.9989891332,1816366.7485414864
2019-03-26,2022902.0096035183,2386262.4621078963,1505354.4351781653,1816813.9380349775
2019-03-27,2002405.1498979172,2310767.868655161,1451588.95628001,1817261.2376265218
2019-03-28,2015980.7051974768,2354942.3079458917,1490854.8142532222,1817708.6473432255
2019-03-29,2022722.6899593675,2376417.191859566,1507060.272934041,1818156.1672122017
2019-04-01,2027950.3608813728,2382354.3719754587,1517153.146322972,1818603.7972605696
2019-04-02,2026368.4837848395,2357795.7524128077,1506618.0187010362,1819051.5375154554
2019-04-03,2024220.187152545,2357490.9400781686,1492465.8832448826,1819499.388003992
2019-04-04,2031769.3409592437,2377603.4062120947,1521243.9979782663,1819947.3487533184
2019-04-05,2036635.9620841297,2394451.396876463,1533800.8592367955,1820395.4197905818
2019-04-08,2036247.3661714492,2378286.6776230107,1537923.3004801618,1820843.6011429345
2019-04-09,2027691.771131725,2349204.359114133,1520912.3073035127,1821291.892837536
2019-04-10,2028760.6634208001,2359912.7009633705,1515557.8721253474,1821740.2949015528
2019-04-11,2023464.1007363996,2337056.881074951,1496635.7088703564,1822188.8073621576
2019-04-12,2015108.782474161,2313000.4406387196,1466941.496082891,1822637.4302465306
2019-04-15,2017621.6738956843,2316851.265934841,1470226.8132423554,1823086.1635818575
2019-04-16,2018172.4056644912,2324599.7527092556,1489970.3057872124,1823535.0073953313
2019-04-17,2014087.074025211,2302418.6109055313,1473417.3616376042,1823983.9617141522
2019-04-18,2021524.797029785,2352666.5827003,1493840.0303260046,1824433.0265655264
2019-04-22,2022519.6341317657,2351369.325591162,1493997.9782663635,1824882.201976667
2019-04-23,2027837.5813822034,2384328.743925999,1515084.028304271,1825331.4879747937
2019-04-24,2027274.8251511722,2371992.6003726656,1501216.1991407631,1825780.884587133
2019-04-25,2037465.2908273218,2402476.5162540213,1525018.953752843,1826230.3918409187
2019-04-26,2038813.497437086,2414375.4568609563,1520027.7988375032,1826680.00976339
2019-04-29,2042851.3041204934,2417696.2980467323,1519269.6487237806,1827129.738381794
2019-04-30,2046464.3806123456,2456382.510782702,1521875.789739702,1827579.5777233837
2019-05-02,2045651.5654798285,2451205.358760398,1508845.084660096,1828029.5278154192
2019-05-03,2049167.320667185,2464192.7508888827,1516426.5857973213,1828479.5886851677
2019-05-06,2050385.8824831431,2467986.463503379,1500647.5865554714,1828929.760359902
2019-05-07,2050903.5406316624,2444775.387132452,1490854.8142532222,1829380.0428669024
2019-05-08,2056249.829035116,2468530.8926667757,1509934.9254485723,1829830.4362334565
2019-05-09,2059594.9070786736,2442886.3493258827,1497472.8329542582,1830280.9404868574
2019-05-10,2059915.3039004465,2434491.1000887817,1488785.696234521,1830731.5556544056
2019-05-13,2050021.2545745152,2377643.6637700247,1448809.0725296943,1831182.2817634076
2019-05-14,2051702.8140500984,2385483.6541593676,1454574.1723527925,1831633.118841178
2019-05-15,2042785.768496013,2357152.618447738,1447166.413949962,1832084.0669150369
2019-05-16,2031323.575648534,2314035.0402150447,1421910.5382865807,1832535.1260123115
2019-05-17,2026313.5694547778,2307175.658402365,1421420.8996714682,1832986.296160336
2019-05-20,2043292.3638650049,2358321.313703414,1452268.1324235532,1833437.5773864507
2019-05-21,2064373.3296505266,2415718.965715994,1492371.1144806673,1833888.9697180032
2019-05-22,2066342.808473992,2415389.25967611,1490412.5600202174,1834340.4731823478
2019-05-23,2060705.1451201944,2407609.097440669,1483289.1079100328,1834792.0878068453
2019-05-24,2057458.3735979847,2391372.472643954,1478834.9759919131,1835243.8136188637
2019-05-27,2068703.2903839855,2414800.619975183,1498357.341420268,1835695.6506457767
2019-05-28,2077115.9735959545,2463750.856925583,1522507.5815011372,1836147.5989149658
2019-05-29,2080490.5937802657,2476601.8055510214,1525255.8756633813,1836599.6584538189
2019-05-30,2089821.7212093386,2506156.3781801253,1539313.2423553197,1837051.8292897304
2019-05-31,2096403.09705425,2520352.2808596115,1532568.8653019965,1837504.1114501017
2019-06-03,2095309.970754196,2516663.90046799,1532410.9173616376,1837956.504962341
2019-06-04,2095245.7335039421,2522205.3211066346,1538097.0432145565,1838409.0098538627
2019-06-05,2090780.9446874927,2498054.9424435725,1516284.4326509982,1838861.626152089
2019-06-06,2099248.9575553215,2513551.7549189404,1535332.9542582764,1839314.3538844478
2019-06-07,2107072.4877308034,2549373.7403551927,1545062.547384382,1839767.1930783743
2019-06-10,2105724.4899352635,2552133.517951798,1539471.1902956786,1840220.1437613103
2019-06-11,2110748.7859380003,2577301.078886254,1563052.817791256,1840673.2059607045
2019-06-12,2103563.9711329187,2555435.3231478054,1552959.944402325,1841126.379704012
2019-06-13,2112432.214224648,2581848.2611392466,1560114.9861005812,1841579.6650186956
2019-06-14,2109075.7758663837,2576799.0733975256,1548521.607278241,1842033.0619322234
2019-06-17,2109746.764824174,2565364.0457221405,1541935.1781652768,1842486.5704720712
2019-06-18,2118741.031538948,2586037.155036392,1570065.7063431893,1842940.1906657214
2019-06-19,2126995.7480845195,2609262.329275937,1584265.2261814505,1843393.9225406637
2019-06-21,2137517.565003112,2632134.5283600683,1611274.3239828153,1843847.766124393
2019-06-24,2141325.2203561263,2632389.901815564,1612048.2688905736,1844301.721444413
2019-06-25,2127734.176335353,2588715.7519907,1580948.3194339145,1844755.7885282333
2019-06-26,2130916.846586479,2602574.3352877065,1590362.0166793026,1845209.9674033688
2019-06-27,2135144.357844912,2610499.1934155696,1590914.8344705584,1845664.2580973436
2019-06-28,2141363.43018358,2632422.8814879507,1594752.9694212787,1846118.6606376874
2019-07-01,2139210.2802704973,2630451.8221798516,1600644.427596664,1846573.1750519366
2019-07-02,2140681.1534234714,2631548.7559874877,1589035.253980288,1847027.8013676344
2019-07-03,2150110.4620160162,2673186.835546433,1611748.167803892,1847482.5396123314
2019-07-04,2160770.6896233456,2703860.223405991,1636909.274703058,1847937.3898135843
2019-07-05,2168707.0075780605,2732277.767470107,1644064.3164013142,1848392.3519989564
2019-07-08,2179054.0125641595,2758916.407445048,1651029.8205711397,1848847.4261960187
2019-07-10,2190213.8895947686,2796304.9133512885,1671357.7204953248,1849302.6124323483
2019-07-11,2184489.4985751496,2792141.691229272,1660759.4136972453,1849757.9107355291
2019-07-12,2181002.6944614067,2775271.9510735148,1641173.869092747,1850213.3211331526
2019-07-15,2182332.087705478,2762529.245991752,1639547.005307051,1850668.8436528156
2019-07-16,2183481.439853924,2777814.388226227,1639104.751074046,1851124.4783221232
2019-07-17,2188568.9180159206,2816772.1771623553,1640384.1293909526,1851580.2251686861
2019-07-18,2194712.664005349,2841961.7385589294,1653983.4470558504,1852036.0842201228
2019-07-19,2187088.896256862,2793937.9942389145,1634003.032600455,1852492.055504058
2019-07-22,2184967.622293047,2810314.625309685,1641853.0452362902,1852948.1390481233
2019-07-23,2181011.4489441314,2791436.862547236,1637983.320697498,1853404.3348799571
2019-07-24,2182887.453344037,2803062.936420031,1644553.9550164265,1853860.6430272048
2019-07-25,2179833.806743349,2781273.6833117795,1621414.581753854,1854317.063517518
2019-07-26,2183923.7032293207,2811350.7152148867,1624004.9279757391,1854773.5963785565
2019-07-29,2187764.2338328357,2852518.1036464726,1634492.6712155673,1855230.2416379848
2019-07-30,2194460.0089621227,2865808.9260437964,1625805.53449583,1855686.9993234763
2019-07-31,2195529.0094103925,2855938.925357996,1608099.5703816023,1856143.8694627099
2019-08-01,2206207.6230945378,2913298.897550675,1613059.1357088704,1856566.1607544513
2019-08-02,2205282.072167559,2939488.5651584053,1621714.6828405357,1856988.5481216845
2019-08-05,2193463.3098158212,2883943.588409328,1581027.293404094,1857411.0315862678
2019-08-06,2206715.2043074216,2968349.6481309687,1613659.337882234,1857833.611170064
2019-08-07,2208054.147334783,2972819.111485911,1623420.5205964113,1858256.286894941
2019-08-08,2216431.3102202727,3018273.729908036,1644474.981046247,1858679.0587827729
2019-08-09,2233219.738831042,3046380.8441358325,1642595.4005559767,1859101.9268554363
2019-08-12,2223431.866987886,2985798.5496841636,1609726.4341672985,1859524.8911348155
2019-08-13,2227660.364782393,3031002.618626012,1631586.4291129643,1859947.9516427973
2019-08-14,2210824.587482286,2955565.309093569,1583554.4604498358,1860371.1084012757
2019-08-15,2197899.543007379,2906594.3153799716,1564584.9128127368,1860794.361432148
2019-08-16,2202966.4850138156,2951890.28580527,1576415.2135456153,1861217.7107573173
2019-08-19,2203554.451815481,2951673.8135716724,1571092.367955522,1861641.1563986917
2019-08-20,2205399.9677769444,2922719.5261414717,1567191.053828658,1862064.6983781839
2019-08-21,2215283.9503884804,2966415.585140418,1598464.746019712,1862488.336717712
2019-08-22,2211576.6895511644,2917957.7715206505,1579653.146322972,1862912.0714391987
2019-08-23,2194464.7757507446,2852394.009319087,1542630.1491028557,1863335.902564572
2019-08-26,2188056.3598146252,2815097.365875115,1523091.988880465,1863759.8301157642
2019-08-27,2191787.580628057,2839633.8409231408,1536454.3846348245,1864183.8541147138
2019-08-28,2195536.978144521,2873726.2443989916,1550954.0055597676,1864607.9745833634
2019-08-29,2212093.9099744456,2966666.613591211,1587755.8756633813,1865032.1915436608
2019-08-30,2220588.5706237503,2969919.353509809,1597406.4948193075,1865456.5050175588
2019-09-02,2218905.292648627,2979000.0852216603,1589366.9446550417,1865880.9150270154
2019-09-03,2214959.4549868256,2940587.0851856098,1574440.8642911296,1866305.421593993
2019-09-04,2219238.521973431,2979098.1130329454,1598448.951225676,1866730.0247404599
2019-09-05,2221594.989520236,2979457.0331811486,1614907.126611069,1867154.7244883885
2019-09-06,2220319.8336931993,2959933.971982164,1625837.124083902,1867579.5208597567
2019-09-09,2220994.132886353,2910841.3579477067,1629722.6434167298,1868004.4138765475
2019-09-10,2224016.3790838723,2878623.687577764,1627369.219105383,1868429.4035607486
2019-09-11,2234082.725540139,2953997.8804348274,1633908.2638362395,1868854.489934353
2019-09-12,2240289.7264291495,2973096.1196753676,1648518.448319434,1869279.6730193577
2019-09-13,2230725.9025660623,2932942.4638500675,1634776.9775082134,1869704.9528377661
2019-09-16,2221207.3890677616,2938849.186091169,1637604.245640637,1870130.3294115863
2019-09-17,2228055.736848533,2958962.4001705665,1652403.9676522617,1870555.8027628306
2019-09-18,2235029.290373195,2969768.2590246694,1651061.4101592116,1870981.372913517
2019-09-19,2237838.743710495,2993894.238090749,1648013.0149102856,1871371.8841456717
2019-09-20,2236635.973730804,2995992.4052887196,1655562.9264594389,1871762.4768853306
2019-09-23,2234759.053547081,2977547.260203188,1652735.6583270153,1872153.1511495062
2019-09-24,2230311.394510834,2986306.8310318296,1640700.0252716704,1872543.906955214
2019-09-25,2231057.2164224824,2982232.2834739303,1650255.8756633813,1872934.7443194739
2019-09-26,2233217.064220513,2991593.3488636925,1663491.9130654535,1873325.6632593083
2019-09-27,2238010.7564846827,2998696.5801210455,1659685.3677028052,1873716.663791744
2019-09-30,2241689.19148751,3007623.222210481,1654425.7012888552,1874107.745933811
2019-10-01,2237967.7553285034,3006670.738230357,1643495.7038160223,1874498.9097025422
2019-10-02,2224860.761681643,2944023.1494899443,1595763.8362395754,1874890.1551149753
2019-10-03,2228021.9513564548,2970091.653525307,1603424.31134698,1875281.4821881508
2019-10-04,2234754.1045628786,3019689.979405291,1619771.9231741219,1875672.8909391132
2019-10-07,2221594.612355451,2967479.2400134625,1588529.8205711397,1876064.38138491
2019-10-08,2216986.5482309195,2951693.6581952963,1579179.3025018955,1876455.953542593
2019-10-09,2224533.3727934468,3002658.8719246066,1599207.1013393987,1876847.6074292166
2019-10-10,2227922.114209343,2992134.0694403267,1608178.5443517817,1877239.3430618395
2019-10-11,2240898.259491001,3052143.489673967,1640005.0543340915,1877631.1604575233
2019-10-14,2246301.8365863264,3098358.0801894623,1647428.6075309578,1878023.0596333342
2019-10-15,2247318.1202094196,3090034.3909583073,1650398.0288097044,1878415.0406063409
2019-10-16,2253363.0020218682,3131931.9020012054,1665134.5716451858,1878807.1033936162
2019-10-17,2253619.9775779443,3138826.1932331063,1658706.0904725802,1879199.2480122366
2019-10-18,2252757.0881422996,3141971.291642419,1654172.984584281,1879591.4744792818
2019-10-21,2257368.862521816,3154791.5863566613,1674595.6532726814,1879983.7828118354
2019-10-22,2264559.548177701,3183152.995159892,1696060.77836745,1880376.1730269839
2019-10-23,2262725.8602210865,3177140.091987938,1698635.3297952996,1880768.645141818
2019-10-24,2258662.1300957156,3163945.9528743303,1689821.8347232752,1881161.1991734323
2019-10-25,2254326.947042532,3137289.1335954573,1695792.26686884,1881553.8351389237
2019-10-28,2256086.6022907402,3156864.427932185,1708791.382360374,1881946.553055394
2019-10-29,2254066.43375658,3119035.361982878,1698824.8673237301,1882339.3529399477
2019-10-30,2256278.2962855347,3195875.302588394,1712282.0318423049,1882732.2348096936
2019-10-31,2254596.2962193037,3204976.6789997886,1693517.8165276726,1883089.6715244723
2019-11-01,2265019.768897684,3281543.6142500597,1708933.535506697,1883447.176098611
2019-11-04,2268361.0125407674,3247643.9252487402,1715330.4270912306,1883804.748544993
2019-11-05,2266434.9844908076,3218107.2036559843,1712961.207985848,1884162.3888765043
2019-11-06,2268742.573715562,3245864.397957687,1711144.806671721,1884520.0971060323
2019-11-07,2275994.418041016,3241291.5178570594,1730809.3252463988,1884877.873246468
2019-11-08,2259788.551164798,3192976.2123622107,1699977.8872883497,1885235.7173107036
2019-11-11,2260666.0869398173,3227798.996837429,1709233.6365933788,1885593.629311635
2019-11-12,2249915.7227036916,3161838.5839179535,1686647.0811220622,1885951.6092621596
2019-11-13,2249473.9566615373,3137410.4667233997,1672889.8155168057,1886309.657175178
2019-11-14,2254030.086228639,3195187.5892409305,1683045.8680818803,1886667.7730635924
2019-11-18,2250791.2593580913,3204326.464424689,1679728.9613343442,1887025.9569403084
2019-11-19,2249373.404562238,3190626.2057639817,1668214.5564821835,1887384.2088182336
2019-11-21,2259715.9434426376,3232996.855619499,1697892.9744756129,1887742.5287102775
2019-11-22,2266702.3453953047,3261186.289461663,1716767.7533484963,1888100.9166293528
2019-11-25,2265628.2816338283,3231701.6384322816,1712534.748546879,1888459.372588375
2019-11-26,2262497.2857037466,3188994.378947652,1690974.854687895,1888817.8966002606
2019-11-27,2265797.746573614,3247363.520528723,1701225.6760171847,1889176.48867793
2019-11-28,2270827.6626700014,3264595.2161529954,1710418.2461460703,1889535.1488343056
2019-11-29,2272492.5920947534,3257865.6740343054,1709517.9428860247,1889893.8770823118
2019-12-02,2275627.563955809,3260465.5623753783,1722596.0323477383,1890252.6734348754
2019-12-03,2276538.5168370456,3267491.236627601,1720937.5789739701,1890611.537904927
2019-12-04,2279284.786731153,3274960.707928471,1742181.5769522365,1890970.470505398
2019-12-05,2280966.210404737,3301524.133658227,1747251.705837756,1891329.4712492235
2019-12-06,2290130.7598481528,3331767.0711942427,1755212.2820318423,1891688.5401493397
2019-12-09,2288033.139996019,3335584.7101494437,1752858.8577204954,1892047.6772186873
2019-12-10,2288700.762879379,3349552.3118611146,1748041.4455395502,1892406.882470207
2019-12-11,2298470.5457596877,3387954.0881527485,1752653.5253980288,1892766.1559168438
2019-12-12,2307256.727385262,3411049.316888614,1772175.8908263836,1893089.6107252282
2019-12-13,2316023.692632753,3456388.8203792274,1777940.990649482,1893413.120808805
2019-12-16,2317474.1646029507,3462360.2892984184,1767374.2734394744,1893736.68617702
2019-12-17,2316313.341264789,3432799.456152353,1778746.525145312,1894060.3068393203
2019-12-18,2323915.2539524473,3466729.82970763,1805581.880212282,1894383.982805156
2019-12-19,2329422.407647689,3482183.6090443004,1818470.4321455648,1894707.7140839775
2019-12-20,2328047.401133979,3480774.407413181,1818312.484205206,1895031.500685237
2019-12-23,2337172.3723478746,3507195.6966040237,1830032.2213798333,1895355.3426183893
2019-12-26,2345099.1052470445,3541550.8271461492,1851197.2453879202,1895679.2398928893
2019-12-27,2342194.698573413,3526869.056318681,1840630.5281779126,1896003.1925181944
2019-12-30,2341182.8535289695,3503534.8291037646,1831627.4955774576,1896327.2005037637
2020-01-02,2352500.6079844977,3576867.329820214,1872836.1132170837,1896651.2638590576
2020-01-03,2350895.967891331,3560959.6678835237,1859157.8215820065,1896975.3825935384
2020-01-06,2350546.527928363,3553509.9236552888,1846063.9373262573,1897299.5567166696
2020-01-07,2351286.744847183,3557854.639481742,1842652.261814506,1897623.7862379167
2020-01-08,2351060.954409955,3582577.044629823,1836097.4222896134,1897948.071166747
2020-01-09,2349816.2878599926,3620602.718909955,1831358.9840788476,1898272.4115126284
2020-01-10,2351419.30953431,3620599.641700134,1824346.0955269143,1898596.8072850318
2020-01-13,2362542.629355429,3706438.9501920505,1853124.210260298,1898921.2584934286
2020-01-14,2367914.5313891172,3718104.1799910287,1857973.212029315,1899245.7651472925
2020-01-15,2363497.453190246,3696729.622630083,1838735.1528936063,1899570.3272560982
2020-01-16,2365399.9174037017,3700715.0403711726,1843315.643164013,1899894.9448293229
2020-01-17,2371288.0131057817,3741904.7732869233,1871335.6077836745,1900219.6178764447
2020-01-20,2375515.6072404585,3791573.8260562858,1877400.8086934546,1900544.3464069432
2020-01-21,2368559.659744383,3774269.8899194878,1848401.5668435683,1900869.1304303005
2020-01-22,2373129.577772633,3793563.589095491,1869961.4607025525,1901193.9699559996
2020-01-23,2380112.9772264184,3834693.9880036465,1887920.1415213547,1901518.8649935252
2020-01-24,2376957.312009262,3812185.111586853,1869724.5387920141,1901843.8155523636
2020-01-27,2358852.789545806,3701557.847271784,1808219.610816275,1902168.8216420033
2020-01-28,2365721.0770104355,3803068.6741786283,1839761.814505939,1902493.8832719338
2020-01-29,2361008.345437772,3800122.166858096,1822482.3098306798,1902819.0004516458
2020-01-30,2358949.2429955443,3765909.9851736003,1824740.9653778116,1903144.1731906328
2020-01-31,2350933.645562192,3717553.642426276,1796831.5643164013,1903469.4014983892
2020-02-03,2356043.9740729337,3755825.2715719496,1810541.4455395502,1903794.6853844111
2020-02-04,2362753.839830164,3795074.5332420436,1825199.0144048522,1904120.0248581963
2020-02-05,2363333.3641012567,3801018.983850258,1832638.3623957543,1904445.4199292439
2020-02-06,2355610.21085144,3740978.307634658,1819402.324993682,1904752.740286658
2020-02-07,2343487.184934018,3670932.2331031435,1796973.7174627243,1905060.1102363581
2020-02-10,2335731.1094164946,3591922.247176277,1778019.9646196614,1905367.5297863472
2020-02-11,2352213.9566122554,3689941.790244686,1822261.1827141773,1905674.998944629
2020-02-12,2356524.0095202276,3749164.0600712695,1842841.7993429366,1905982.5177192087
2020-02-13,2355261.4709324655,3765800.1780182472,1826857.46777862,1906290.086118093
2020-02-14,2350620.225794889,3738448.213813426,1806624.3366186505,1906597.70414929
2020-02-17,2355298.0108392932,3809604.372971104,1821281.9054839525,1906905.3718208086
2020-02-18,2353494.3924560198,3797803.898633971,1816038.0338640383,1907213.0891406594
2020-02-19,2359326.3662141124,3824015.07359964,1840377.8114733384,1907520.8561168541
2020-02-20,2352735.1912957537,3767926.115364834,1809862.269396007,1907828.6727574058
2020-02-21,2353134.4563807286,3767518.802195308,1795567.9807935304,1908136.5390703287
2020-02-26,2317171.291538916,3550994.3976333546,1669794.035885772,1908444.4550636385
2020-02-27,2303193.0458082464,3442493.131171772,1626611.0689916604,1908752.4207453525
2020-02-28,2306678.7480310705,3460127.4589178823,1645375.2843062927,1909060.4361234882
2020-03-02,2310205.10385366,3551616.6428793203,1684119.9140763204,1909368.5012060655
2020-03-03,2306355.494653156,3543637.468560428,1666935.1781652768,1909676.6160011054
2020-03-04,2316725.5890974924,3571285.433286499,1693580.995703816,1909984.7805166296
2020-03-05,2287089.559615209,3369790.370022713,1614749.1786707102,1910292.9947606616
2020-03-06,2271366.845081803,3241413.7250970267,1547842.431134698,1910601.258741226
2020-03-09,2219090.7396880197,2931220.2531819763,1359410.5382865807,1910909.5724663492
2020-03-10,2245726.0726315854,3182061.256416116,1456501.1372251706,1911217.935944058
2020-03-11,2199540.8566058218,2987372.372193855,1345258.402830427,1911526.3491823815
2020-03-12,2112279.3211282515,2549100.8619321864,1146433.535506697,1911834.812189349
2020-03-13,2175408.203287465,2865438.5413913634,1305881.9812989638,1912143.3249729923
2020-03-16,2058396.5744255611,2485771.1410120768,1124083.9019459186,1912451.887541343
2020-03-17,2086660.4021848482,2554679.3228357895,1178560.1465756886,1912760.4999024358
2020-03-18,1978149.2267626934,2246570.5184369436,1056592.7470305788,1913069.162064305
2020-03-19,1997377.5315296124,2315662.980877509,1079289.8660601466,1913341.334413992
2020-03-20,1970358.1750893802,2295870.1133994386,1059341.0411928229,1913613.5454856392
2020-03-23,1893336.6040644667,2215173.982968619,1004075.0568612586,1913885.7952847555
2020-03-24,1979465.456693788,2430020.6632789564,1101355.193328279,1914158.0838168506
2020-03-25,2074151.9865434475,2595866.698852024,1183914.581753854,1914430.4110874352
2020-03-26,2144022.4194925325,2688746.6272432026,1227413.4445286833,1914702.7771020206
2020-03-27,2089232.1675335849,2582395.1954782894,1159795.9312610563,1914975.181866119
2020-03-30,2095714.5248044436,2639514.4028103305,1178923.426838514,1915247.625385243
2020-03-31,2054461.5109474934,2543479.6273986865,1153335.860500379,1915520.1076649067
2020-04-01,1996892.893581437,2453741.503702123,1120909.1483447056,1915792.628710624
2020-04-02,2005120.126573799,2437208.68175635,1141221.2534748546,1916065.188527911
2020-04-03,1969271.2344426399,2387745.56537915,1098338.3876674247,1916337.7871222827
2020-04-06,2035764.658571182,2511961.133240198,1169967.7786201667,1916610.4244992565
2020-04-07,2077973.4798032143,2598205.3521317774,1206058.8829921659,1916883.10066435
2020-04-08,2120299.5928085553,2684034.3993739192,1241865.681071519,1917155.8156230813
2020-04-09,2117228.205420749,2676274.431581892,1226971.1902956786,1917428.56938097
2020-04-13,2124658.0616430794,2692445.610752901,1245198.3826130908,1917701.361943536
2020-04-14,2144198.4725106843,2736533.9931980106,1262288.349759919,1917974.1933162997
2020-04-15,2132614.554831739,2745736.4703304465,1245119.4086429114,1918247.0635047827
2020-04-16,2120476.949209418,2773676.5569978734,1229024.5135203437,1918519.9725145076
2020-04-17,2135717.352284266,2766876.40974242,1247630.780894617,1918792.9203509972
2020-04-20,2142499.5342712067,2860677.582891546,1247362.269396007,1919065.9070197758
2020-04-22,2180131.734674197,2953376.216286935,1274434.5463735154,1919338.9325263673
2020-04-23,2152402.328836515,2898256.436110048,1258418.6252211272,1919611.996876298
2020-04-24,2066102.101534781,2763416.0357582476,1189837.629517311,1919885.1000750938
2020-04-27,2103304.9553590133,2854381.5289232316,1235768.890573667,1920158.2421282814
2020-04-28,2162577.7791507063,2964926.610930179,1284306.2926459438,1920431.423041389
2020-04-29,2195831.0027281,2971890.8023122223,1313668.8147586556,1920704.642819945
2020-04-30,2153740.375782775,2908997.1904151016,1271575.68865302,1920977.9014694793
2020-05-04,2119919.8492661715,2911519.418519235,1245830.1743745261,1921251.1989955213
2020-05-05,2120995.885157792,2885187.0454848055,1255228.0768258781,1921524.5354036023
2020-05-06,2104106.2387992335,2970613.031542135,1248799.5956532727,1921797.910699254
2020-05-07,2071475.7556296696,2968445.4480750817,1233873.5152893607,1922015.9386722227
2020-05-08,2096747.4740364382,2964388.566926888,1267737.5537022997,1922233.9913804652
2020-05-11,2076183.6884885838,2933513.584903879,1248815.3904473085,1922452.0688267872
2020-05-12,2049431.0060404723,2902297.3464694256,1229972.2011624968,1922670.1710139953
2020-05-13,2036640.2664505355,2900183.693857459,1228392.7217589084,1922888.2979448969
2020-05-14,2066419.93807727,2940699.306605973,1247962.4715693707,1923106.4496222988
2020-05-15,2044814.2531826235,2910775.467085549,1224996.8410411929,1923324.6260490082
2020-05-18,2113451.886800709,2990762.1612741696,1282442.5069497093,1923542.8272278334
2020-05-19,2104326.0991597436,3040343.3993796995,1275303.260045489,1923761.0531615822
2020-05-20,2110839.2230142863,3011249.692219717,1284416.8562041952,1923979.3038530631
2020-05-21,2156186.849150339,3083984.9503796925,1311394.364417488,1924197.5793050854
2020-05-22,2145275.1120438245,3060652.855224828,1297905.6103108416,1924415.8795204572
2020-05-25,2216831.2572642374,3191221.6528056194,1353029.4414960828,1924634.2045019888
2020-05-26,2202743.535373173,3277276.9327004077,1349965.251453121,1924852.55425249
2020-05-27,2254337.424212598,3394843.9337464194,1389088.95628001,1925070.9287747697
2020-05-28,2238843.3667453816,3332606.4326828434,1373341.546626232,1925289.3280716392
2020-05-29,2238141.0942641287,3316864.008456941,1380512.3831185242,1925507.7521459088
2020-06-01,2268648.4145738618,3335761.1498172553,1399734.647460197,1925726.2010003899
2020-06-02,2325118.951237134,3351216.4511346775,1438052.817791256,1925944.674637893
2020-06-03,2377302.749524381,3412323.2427922133,1468947.4349254486,1926163.1730612307
2020-06-04,2380513.3387577785,3384263.929511884,1482009.729593126,1926381.6962732142
2020-06-05,2398919.381251633,3381085.405638053,1494771.9231741219,1926600.2442766565
2020-06-08,2454630.266868761,3504590.4327602377,1542282.6636340662,1926818.8170743696
2020-06-09,2441206.898546206,3492266.7286347942,1528098.938589841,1927037.4146691668
2020-06-10,2395418.570995495,3491166.3820346477,1495545.8680818803,1927256.0370638608
2020-06-12,2360112.1445729863,3440308.412828441,1465677.91256002,1927474.6842612654
2020-06-15,2351153.767979786,3472564.9508058797,1459059.893858984,1927693.356264195
2020-06-16,2358964.5962078366,3486222.6173213446,1477302.8809704322,1927912.0530754628
2020-06-17,2399244.6218361175,3556495.589900421,1509145.1857467778,1928130.7746978842
2020-06-18,2414481.309429131,3619248.4229279556,1518274.5766995198,1928293.5474978844
2020-06-19,2430227.2179421643,3673454.0084674475,1525334.8496335607,1928456.3340391642
2020-06-22,2429448.8836284177,3656047.5332065634,1505812.484205206,1928619.134322884
2020-06-23,2434399.0374453845,3646835.260637803,1515905.357594137,1928781.9483502037
2020-06-24,2401112.2795717865,3607661.2793250633,1490665.2767247916,1928944.7761222837
2020-06-25,2419545.274466152,3632104.7761435816,1516031.715946424,1929107.617640284
2020-06-26,2386345.315783264,3584540.873294303,1482088.7035633055,1929270.472905365
2020-06-29,2416792.5100384145,3641071.5978224,1512114.6070255244,1929433.341918688
2020-06-30,2405873.949518534,3665237.220404416,1501389.9418751579,1929596.224681413
2020-07-01,2435174.186273305,3716245.118334231,1519506.570634319,1929759.1211947007
2020-07-02,2435505.380085149,3671390.504397887,1520012.0040434673,1929922.0314597122
2020-07-03,2452041.929547844,3728455.579712589,1528383.2448824868,1930084.9554776081
2020-07-06,2482871.2342609223,3759137.28449404,1562689.5375284306,1930247.8932495497
2020-07-07,2464024.288492556,3802276.310804274,1544114.8597422289,1930410.8447766982
2020-07-08,2483870.7979932236,3872161.22788396,1575846.6009603236,1930573.8100602143
2020-07-09,2485408.0884970706,3924411.765340352,1566211.7765984333,1930736.7891012598
2020-07-10,2498478.156166993,3956149.073583317,1579984.8369977255,1930899.7819009959
2020-07-13,2481557.0911006737,3940751.4116326594,1558898.786959818,1931062.7884605841
2020-07-14,2490658.5896359603,3948362.1621321626,1586429.112964367,1931225.8087811861
2020-07-15,2504901.577845159,3999241.5789719494,1607767.8797068486,1931388.8428639637
2020-07-16,2492885.608597688,3962048.796090438,1588213.9246904221,1931551.8907100784
2020-07-17,2518610.979004562,4058164.719683187,1625094.7687642153,1931714.9523206924
2020-07-20,2529244.6021544375,4188675.1798355607,1649387.1619914076,1931878.0276969674
2020-07-21,2529640.028193975,4124343.1936577926,1647554.965883245,1932041.1168400657
2020-07-22,2523697.379028565,4144351.3695190884,1647239.0700025272,1932204.2197511494
2020-07-23,2497496.6046119514,4017064.4448016346,1615696.8663128633,1932367.336431381
2020-07-24,2495233.701637929,3997170.4490915556,1617102.602982057,1932530.4668819227
2020-07-27,2515240.894801303,4018435.010497974,1650192.6964872377,1932693.611103937
2020-07-28,2511511.6427278547,4028972.326513947,1644380.2122820318,1932856.7690985869
2020-07-29,2531795.5310103064,4044254.988383701,1668009.2241597169,1933019.9408670343
2020-07-30,2533549.188230954,4125084.253388473,1658595.526914329,1933183.1264104424
2020-07-31,2511969.0556031032,4048186.132827071,1625473.8438210767,1933346.325729974
2020-08-03,2507850.192988125,4075143.359958918,1624178.6707101339,1933509.5388267925
2020-08-04,2484300.6156832366,4043309.2495216792,1598685.8731362142,1933672.7657020604
2020-08-05,2498936.3267126167,4076386.6506107897,1623736.416477129,1933836.006356941
2020-08-06,2519612.1500402074,4164140.5558356345,1644648.7237806418,1933980.4445682557
2020-08-07,2509096.751448115,4137809.3077135873,1623325.751832196,1934124.8935676604
2020-08-10,2510656.9096810096,4061112.9679898676,1633876.6742481678,1934269.353355961
2020-08-11,2510767.9595371634,4029233.6845733253,1613817.285822593,1934413.823933963
2020-08-12,2494714.141598533,3991609.229053319,1612932.7773565832,1934558.3053024726
2020-08-13,2470873.802025861,3973921.801533141,1586760.8036391207,1934702.7974622953
2020-08-14,2480449.795841503,4018203.889957675,1600849.7599191307,1934847.300414238
2020-08-17,2442366.9813608485,3962052.4645521496,1573082.5120040434,1934991.8141591058
2020-08-18,2474027.225726704,4177634.976178592,1612095.6532726814,1935136.338697705
2020-08-19,2458394.9844184266,4154296.266690156,1592968.1576952236,1935280.8740308422
2020-08-20,2468260.89231869,4125181.941981623,1602666.1612332575,1935425.4201593234
2020-08-21,2482136.916753221,4140454.366778195,1603503.2853171595,1935569.977083955
2020-08-24,2493119.6525762794,4150078.9234156096,1615775.8402830428,1935714.5448055433
2020-08-25,2497697.177921289,4177307.46505227,1612932.7773565832,1935859.1233248948
2020-08-26,2474430.902738396,4187080.848129433,1589382.7394490775,1936003.712642816
2020-08-27,2470009.687322688,4218619.684210367,1589335.35506697,1936148.3127601128
2020-08-28,2492425.6954182633,4300945.189683119,1613327.6472074804,1936292.9236775928
2020-08-31,2456577.662248067,4220347.272738982,1569512.8885519332,1936437.545396062
2020-09-01,2489161.5297944597,4309308.441556109,1613722.5170583776,1936582.1779163275
2020-09-02,2498470.244376664,4282186.943315916,1609663.254991155,1936726.821239196
2020-09-03,2490749.5420357077,4148158.40681989,1590867.450088451,1936871.4753654741
2020-09-04,2499134.1984030074,4161994.5355258165,1599096.5377811473,1937016.140295969
2020-09-08,2495841.0339807607,4131347.818751174,1580269.1432903714,1937160.8160314877
2020-09-09,2503149.8333649854,4223791.100564023,1599886.2774829415,1937305.5025728368
2020-09-10,2471799.4207450105,4115212.0307739154,1561078.4685367702,1937450.1999208238
2020-09-11,2455018.936458999,4076567.6690715807,1553623.3257518322,1937594.908076256
2020-09-14,2481062.8553832723,4173414.931971804,1583822.9719484458,1937739.6270399403
2020-09-15,2472099.0897494606,4152463.2867229283,1584186.252211271,1937884.3568126836
2020-09-16,2472562.548924973,4141260.0165600493,1574361.8903209502,1938029.0973952939
2020-09-17,2472489.2282915143,4097294.8178880573,1581027.293404094,1938173.848788578
2020-09-18,2444540.0882785334,4059650.2539839903,1552470.3057872124,1938318.610993344
2020-09-21,2429887.9797804244,4074856.5188518106,1531952.868334597,1938463.384010399
2020-09-22,2435587.6820103494,4099852.7022888074,1536738.6909274703,1938608.167840551
2020-09-23,2426034.874965269,4013272.26365741,1512114.6070255244,1938752.962484607
2020-09-24,2438434.2493946976,4096507.990593778,1532284.5590093506,1938897.7679433746
2020-09-25,2435123.042430076,4125818.1281304043,1532079.226686884,1939042.5842176622
2020-09-28,2415273.11075902,4015086.8870334905,1495229.9722011625,1939187.4113082772
2020-09-29,2399803.0236360594,3998327.3452920355,1478076.8258781906,1939332.2492160278
2020-09-30,2409646.286629425,4055942.6911872444,1494234.9001769016,1939477.0979417216
2020-10-01,2424459.32097457,4137246.24448389,1508071.1397523377,1939621.9574861666
2020-10-02,2414162.4930665563,4034158.445453196,1484963.3560778368,1939766.8278501714
2020-10-05,2429652.688777172,4110334.9167790874,1517705.964114228,1939911.7090345433
2020-10-06,2424750.7872317107,4091484.3391554146,1510219.2317412181,1940056.601040091
2020-10-07,2423498.5125717996,4084586.404443707,1508813.4950720242,1940201.5038676225
2020-10-08,2445911.2508152486,4177500.7903690245,1546626.2319939348,1940346.4175179459
2020-10-09,2443541.29137216,4307028.378255116,1539723.9070002527,1940491.3419918702
2020-10-13,2445796.2396860477,4438908.602655813,1555834.5969168562,1940636.2772902034
2020-10-14,2450740.635945826,4433623.782825473,1568960.0707606773,1940781.2234137543
2020-10-15,2452068.4243576312,4423257.125153533,1564537.5284306293,1940926.180363331
2020-10-16,2444288.3641883424,4439632.485855446,1552770.4068738944,1941071.1481397422
2020-10-19,2454937.564541039,4437396.612557834,1558282.7899924186,1941216.1267437965
2020-10-20,2477066.0599947097,4507659.399963436,1588008.5923679555,1941361.116176303
2020-10-21,2481690.0245633796,4514780.446330783,1588198.129896386,1941506.1164380698
2020-10-22,2494413.538108202,4519771.778572991,1609773.818549406,1941651.1275299068
2020-10-23,2501622.6977228457,4500409.578964526,1599380.8440737934,1941796.1494526216
2020-10-26,2504234.044477275,4467165.532654,1595542.7091230731,1941941.1822070242
2020-10-27,2491830.818572728,4452105.635569825,1573256.2547384382,1942086.225793923
2020-10-28,2443561.4475905797,4297717.55955008,1506333.7124083901,1942231.2802141276
2020-10-29,2448718.0433162902,4375046.397773344,1525492.7975739196,1942376.3454684466
2020-10-30,2417403.722075602,4255916.078841447,1483952.48925954,1942521.4215576896
2020-11-03,2432568.9231371894,4309904.443062219,1509776.9775082134,1942666.5084826655
2020-11-04,2460197.2041798667,4466414.745763191,1544904.5994440233,1942811.606244184
2020-11-05,2487047.2367740897,4631875.202152238,1591704.574172353,1942956.7148430545
2020-11-06,2490920.4059910486,4630405.605302335,1592099.44402325,1943101.8342800857
2020-11-09,2534823.8316587894,4578011.101412492,1641284.4326509982,1943246.9645560882
2020-11-10,2558130.922848895,4486755.385000465,1663997.346474602,1943392.1056718705
2020-11-11,2543403.737925094,4508442.760791827,1651061.4101592116,1943537.2576282432
2020-11-12,2512685.314103015,4454278.446844325,1613833.0806166288,1943682.420426015
2020-11-13,2536981.698328859,4474832.210813752,1650745.5142784938,1943827.5940659966
2020-11-16,2560246.5908544036,4472937.590036262,1681039.9292393227,1943972.7785489974
2020-11-17,2570271.3653751416,4473117.20249292,1693659.9696739954,1944117.973875827
2020-11-18,2559277.5150240455,4439196.066773628,1681877.0533232247,1944263.1800472955
2020-11-19,2559391.341181168,4452334.256620928,1682414.0763204447,1944408.3970642132
2020-11-23,2556129.5811354015,4346279.1622425895,1696029.1887793783,1944553.6249273897
2020-11-24,2582223.464245885,4394799.4868442165,1734047.2580237554,1944698.8636376355
2020-11-25,2587567.833941959,4436838.693362368,1739528.0515542077,1944844.1131957604
2020-11-26,2587162.319537547,4465834.634526315,1741012.762193581,1944989.373602575
2020-11-27,2592694.079143635,4468952.772036289,1746509.3505180692,1945134.644858889
2020-11-30,2573145.820162211,4367675.423797961,1719863.53297953,1945279.9269655135
2020-12-01,2600769.7751155095,4360185.48339215,1758513.3939853425,1945425.2199232585
2020-12-02,2610718.906033642,4381650.244411704,1766079.1003285318,1945570.5237329344
2020-12-03,2619307.7689933507,4421828.778708314,1783532.3477381854,1945715.838395352
2020-12-04,2621750.833707662,4452565.834732756,1795583.7755875664,1945861.1639113214
2020-12-07,2623846.425748657,4460098.854258178,1794683.4723275208,1946006.5002816538
2020-12-08,2628503.657898528,4561388.428786616,1793830.553449583,1946151.84750716
2020-12-09,2621837.9579195804,4466735.3702462455,1780420.773313116,1946297.2055886502
2020-12-10,2641881.1283935383,4448122.167876772,1816274.9557745766,1946442.5745269354
2020-12-11,2656740.0400730646,4438865.537274817,1821503.032600455,1946587.9543228266
2020-12-14,2654585.3041027677,4521335.318090216,1816006.4442759666,1946733.344977135
2020-12-15,2666317.996394671,4594691.3188646715,1834502.1480919889,1946878.746490671
2020-12-16,2669262.8267916054,4635771.016074987,1862948.5721506192,1947024.1588642464
2020-12-17,2664089.0798390484,4603815.237935773,1866265.4788981553,1947169.5820986717
2020-12-18,2659406.36251192,4586668.226672055,1858715.5673490018,1947315.0161947585
2020-12-21,2636970.0036272714,4589830.66045582,1832448.8248673237,1947460.4611533182
2020-12-22,2635163.3791226326,4608807.112966289,1837692.6964872377,1947605.9169751615
2020-12-23,2650659.7878530207,4613390.324260384,1861527.0406873894,1947751.3836611002
2020-12-28,2665595.1832254287,4667911.702073123,1880386.024766237,1947896.8612119455
2020-12-29,2670243.069401997,4680086.209681356,1887083.0174374527,1948042.3496285095
2020-12-30,2658595.342219535,4657428.281224815,1884413.6972453878,1948187.8489116032
2021-01-04,2639799.130594025,4661060.602176172,1872599.1913065454,1948333.3590620381
2021-01-05,2630561.54347179,4621915.551836203,1883102.7293404094,1948478.8800806263
2021-01-06,2626052.49130558,4499935.455089678,1893021.8599949456,1948624.4119681793
2021-01-07,2633142.133675007,4498506.145411355,1926269.9014404851,1948769.9547255093
2021-01-08,2661863.3916103756,4616668.817651523,1975565.4536264846,1948915.5083534273
2021-01-11,2635286.8567450754,4548045.2429244425,1939711.271165024,1949061.0728527461
2021-01-12,2650331.0275031333,4635409.508036212,1958522.870861764,1949206.6482242774
2021-01-13,2639201.0740995826,4608260.796755304,1927596.6641394997,1949352.234468833
2021-01-14,2662785.4434753833,4619091.930088881,1950356.962345211,1949497.8315872254
2021-01-15,2637082.4001334887,4587263.726574033,1903304.2709123073,1949643.4395802666
2021-01-18,2633803.923095432,4653613.43148528,1914992.4184988628,1949789.0584487687
2021-01-19,2625341.468654419,4599351.929169784,1906005.1806924439,1949934.6881935443
2021-01-20,2611818.767466409,4685669.127633042,1890763.204447814,1950080.3288154055
2021-01-21,2589149.0618472174,4657773.310748793,1870782.7899924186,1950225.9803151644
2021-01-22,2573642.12001828,4677861.587475452,1850707.6067728077,1950371.642693634
2021-01-26,2556180.1595970276,4635688.223837783,1839524.8925954006,1950517.3159516265
2021-01-27,2564130.4535323847,4633379.745157651,1830332.322466515,1950663.0000899548
2021-01-28,2601473.6190738906,4724068.029349995,1884540.055597675,1950808.6951094314
2021-01-29,2570807.1851425087,4586456.834922124,1832306.6717210007,1950954.4010108693
2021-02-01,2591871.0966879986,4604934.189601613,1853756.0020217337,1951100.1177950806
2021-02-02,2602196.71424272,4657111.304552499,1867481.6780389184,1951245.8454628785
2021-02-03,2608197.168011345,4714910.357401024,1891031.715946424,1951391.584015076
2021-02-04,2598886.9617117797,4673479.859372225,1883702.931513773,1951537.333452486
2021-02-05,2599148.81782174,4728277.29553375,1894190.6747536012,1951683.0937759215
2021-02-08,2589408.9658556124,4761118.161160067,1887730.6039929239,1951828.8649861952
2021-02-09,2596571.0025187503,4766697.20006288,1886356.4569118018,1951974.647084121
2021-02-10,2574372.026008286,4672360.891610282,1870577.457669952,1952120.4400705115
2021-02-11,2583589.072291393,4719003.000044646,1883292.26686884,1952266.2439461804
2021-02-12,2582260.4733410757,4750816.262932231,1881412.6863785696,1952412.0587119404
2021-02-17,2582888.294897415,4720738.876268951,1901551.048774324,1952557.8843686054
2021-02-18,2567428.308714733,4666400.137198735,1881791.761435431,1952703.720916989
2021-02-19,2558553.990435722,4654332.5161822075,1875600.2021733637,1952849.568357904
2021-02-22,2509129.764229723,4534209.058813505,1779567.8544351782,1952995.4266921645
2021-02-23,2543515.448556522,4618492.170501582,1819986.73237301,1953141.2959205844
2021-02-24,2546041.91147735,4627224.004195918,1826952.2365428354,1953287.1760439763
2021-02-25,2516615.0905039525,4512997.324110771,1773060.3992923931,1953433.0670631551
2021-02-26,2491161.847381949,4473257.272027676,1737980.161738691,1953578.9689789338
2021-03-01,2495535.813046597,4521376.949878198,1742718.5999494568,1953724.8817921267
2021-03-02,2508389.2047420894,4522051.583649163,1761751.326762699,1953870.8055035477
2021-03-03,2510176.955087866,4576567.055629404,1756128.3800859237,1954016.7401140106
2021-03-04,2538726.868845225,4628300.175080378,1779915.3399039677,1954162.6856243298
2021-03-05,2555796.8554748967,4631937.205506024,1819591.8625221127,1954308.6420353188
2021-03-08,2517980.4741613115,4376462.589995164,1747093.757897397,1954454.609347792
2021-03-09,2513277.1740357466,4408723.1943512065,1758450.2148091989,1954600.5875625645
2021-03-10,2539897.739918927,4569332.890844239,1781273.6921910539,1954746.5766804493
2021-03-11,2560722.1045810035,4596129.981720185,1816148.5974222897,1954892.5767022613
2021-03-12,2562221.943344708,4577415.900925015,1803133.6871367197,1955038.587628815
2021-03-15,2577924.153330895,4528458.167469754,1814047.8898155168,1955184.6094609252
2021-03-16,2567887.9894391256,4551056.7091426365,1800906.6211776598,1955330.6421994055
2021-03-17,2605344.053243144,4591147.600746932,1840867.450088451,1955476.6858450712
2021-03-18,2597739.1027062633,4417397.509368356,1813795.1731109426,1955679.6447702951
2021-03-19,2617263.4577575987,4450421.437341553,1835702.5524387162,1955882.624760626
2021-03-22,2608690.09481554,4407766.610285761,1816069.6234521102,1956085.62581825
2021-03-23,2596640.0717841918,4358103.064471696,1788949.9620924944,1956288.6479453538
2021-03-24,2572522.902317026,4219314.745546432,1770027.7988375032,1956491.6911441241
2021-03-25,2596284.0027704667,4254280.933267532,1796657.8215820065,1956694.755416748
2021-03-26,2598315.4346231543,4238748.646832073,1812942.2542330048,1956897.840765413
2021-03-29,2602182.3024073667,4219316.159859672,1823019.3328278998,1957100.9471923062
2021-03-30,2627955.761531578,4301042.136807831,1845621.6830932524,1957304.0746996151
2021-03-31,2621441.7038762695,4318440.223370263,1842210.007581501,1957507.2232895286
2021-04-01,2612217.1825966802,4308325.895554679,1820397.397017943,1957710.3929642339
2021-04-05,2633121.237056378,4340786.086603033,1856172.605509224,1957913.5837259195
2021-04-06,2643931.7231983896,4370116.79818304,1855872.5044225424,1958116.7955767745
2021-04-07,2639104.6801911513,4331259.823875548,1857846.853677028,1958320.0285189878
2021-04-08,2645776.5580705903,4493837.935863477,1868729.4667677532,1958523.2825547478
2021-04-09,2644136.57150519,4473595.477645781,1858573.4142026787,1958726.5576862441
2021-04-12,2649619.330736201,4501141.528437725,1876611.0689916604,1958929.8539156665
2021-04-13,2650216.5042528203,4553849.505868861,1884271.544099065,1959133.1712452045
2021-04-14,2653381.7716046902,4569085.627100636,1900034.748546879,1959336.509677048
2021-04-15,2663803.2248269035,4602152.699691134,1906447.4349254486,1959539.8692133876
2021-04-16,2682880.3439605157,4602534.339840347,1912970.6848622693,1959743.2498564133
2021-04-19,2675190.7336488087,4576282.803969193,1910127.62193581,1959946.6516083162
2021-04-20,2672629.8747027917,4557785.57493705,1896354.5615365175,1960150.0744712867
2021-04-22,2667823.815782865,4517020.485223128,1885440.3588577204,1960353.518447516
2021-04-23,2678564.6811173945,4584887.119837197,1903746.525145312,1960556.983539196
2021-04-26,2675160.113937035,4582947.717274815,1904773.1867576446,1960760.4697485177
2021-04-27,2653120.7153097377,4501724.524700245,1885708.8703563306,1960963.9770776727
2021-04-28,2674171.6647389675,4486300.0328568425,1912007.2024260804,1961167.5055288537
2021-04-29,2670039.1698346175,4442578.292519721,1896417.740712661,1961371.0551042529
2021-04-30,2670017.288587541,4413700.185921771,1877906.242102603,1961574.625806062
2021-05-03,2673813.7694760617,4415936.875815157,1882881.602223907,1961778.2176364746
2021-05-04,2652416.6872759275,4353317.0655094115,1859236.795552186,1961981.8305976833
2021-05-05,2670275.9168361295,4391773.234909497,1888488.7541066464,1962185.464691881
2021-05-06,2681338.1759875244,4353340.860161268,1894127.4955774576,1962445.8270811914
2021-05-07,2703160.200908163,4424069.428010956,1927565.0745514277,1962706.2240179868
2021-05-10,2703623.4208015352,4358074.642875872,1925527.5461207987,1962966.655506852
2021-05-11,2716118.396061207,4383620.875871215,1942191.053828658,1963227.1215523712
2021-05-12,2684682.8120120238,4250702.526211171,1890794.7940358857,1963487.6221591302
2021-05-13,2715951.9228576967,4325681.072343228,1906526.408895628,1963748.1573317142
2021-05-14,2736020.722690044,4353266.5154521335,1925085.2918877937,1964008.7270747107
2021-05-17,2742919.88309212,4352259.506751489,1941780.389183725,1964269.3313927064
2021-05-18,2743627.625669176,4379497.6577006215,1942443.7705332323,1964529.970290289
2021-05-19,2753759.4050756693,4342953.862875833,1937010.3613848875,1964790.643772047
2021-05-20,2754008.9298956054,4350173.640119281,1938037.02299722,1965051.3518425692
2021-05-21,2751435.355065004,4320526.966320065,1936315.3904473085,1965312.0945064453
2021-05-24,2761661.8132429332,4468376.4242345,1959059.893858984,1965572.8717682655
2021-05-25,2764271.092047632,4467359.753133713,1942570.1288855192,1965833.6836326206
2021-05-26,2770447.3954847916,4454791.593786161,1958380.717715441,1966094.5301041019
2021-05-27,2783727.9661662406,4462024.372891991,1964351.1498610058,1966355.4111873016
2021-05-28,2784295.705565251,4530247.6497623855,1983210.1339398534,1966616.326886812
2021-05-31,2784395.471966888,4533249.30849253,1993555.7240333585,1966877.2772072267
2021-06-01,2811583.2497875043,4591195.810997777,2025950.8466009602,1967138.2621531393
2021-06-02,2827301.649187436,4610296.436083281,2047021.1018448318,1967399.2817291445
2021-06-04,2839175.1611601263,4664733.887695659,2055313.368713672,1967660.3359398372
2021-06-07,2850502.317174291,4659234.577657272,2065579.9848369977,1967921.424789813
2021-06-08,2848400.7988942335,4659742.537600511,2049958.9335355067,1968182.5482836685
2021-06-09,2842025.2500507273,4591314.1179176085,2051854.308819813,1968443.7064260005
2021-06-10,2843667.8203232065,4596955.303954679,2054523.6290118776,1968704.8992214063
2021-06-11,2834580.883147521,4583648.857526982,2044493.9347990903,1968966.1266744838
2021-06-14,2853897.916022282,4625533.224129033,2056608.5418246146,1969227.3887898324
2021-06-15,2847766.5638166373,4652134.066255604,2054760.550922416,1969488.685572051
2021-06-16,2846264.3497944116,4589870.485680766,2041619.282284559,1969750.0170257394
2021-06-17,2837459.238637582,4641621.911835611,2022633.9398534242,1970067.8755859872
2021-06-18,2842019.4289449756,4629748.354215591,2028130.5281779126,1970385.7854390705
2021-06-21,2853973.325127168,4674517.824595982,2041714.0510487743,1970703.746593267
2021-06-22,2841797.817220712,4632384.503966454,2033848.2436189032,1971021.7590568548
2021-06-23,2830457.7021461218,4585658.558404758,2028493.808440738,1971339.8228381139
2021-06-24,2839668.8019625675,4690697.752738528,2045646.9547637098,1971657.9379453254
2021-06-25,2816027.2224763124,4624820.4277739115,2009982.3098306798,1971976.1043867716
2021-06-28,2819106.7265872606,4644580.023485931,2012714.809198888,1972294.3221707365
2021-06-29,2805387.669102256,4643851.580224922,2011103.7402072276,1972612.5913055055
2021-06-30,2797148.8734402573,4584755.08147755,2002811.4733383877,1972930.9117993645
2021-07-01,2789186.6624050597,4537478.26780273,1984868.5873136215,1973249.2836606016
2021-07-02,2805984.469406873,4658374.4521385105,2015763.204447814,1973567.706897506
2021-07-05,2804755.4398267036,4631087.607220733,2004675.2590346222,1973886.1815183682
2021-07-06,2788099.354164985,4566990.787827394,1975849.7599191307,1974204.70753148
2021-07-07,2801470.085313397,4678082.865682345,2006238.9436441748,1974523.2849451343
2021-07-08,2789234.052344937,4642267.390119806,1981109.4263330805,1974841.9137676263
2021-07-12,2810776.339015438,4695563.9321550215,2015320.9502148093,1975160.5940072509
2021-07-13,2813034.651543765,4731942.805675232,2024387.1619914076,1975479.325672306
2021-07-14,2820970.5074776043,4781202.927549464,2028162.1177659843,1975798.1087710897
2021-07-15,2807146.481922115,4825235.762433903,2013330.8061662875,1976116.9433119022
2021-07-16,2799334.3510268554,4821452.949075317,1989512.2567601718,1976435.8293030446
2021-07-19,2782825.3808939345,4728378.237299915,1964793.4040940106,1976754.7667528193
2021-07-20,2788992.40685518,4766871.156291105,1980682.9668941116,1977073.75566953
2021-07-21,2788630.7194938357,4773312.51844609,1989022.6181450593,1977392.7960614827
2021-07-22,2791152.545178447,4777310.2139521595,1992465.8832448826,1977711.8879369833
2021-07-23,2779614.213459367,4702823.498228833,1975186.3785696235,1978031.0313043396
2021-07-26,2778245.0587879787,4656755.4543857975,1990207.2276977508,1978350.2261718612
2021-07-27,2772140.9736802815,4582901.538125124,1968220.8743997978,1978669.4725478585
2021-07-28,2785779.811980228,4609236.392130131,1994661.3596158705,1978988.770440644
2021-07-29,2778182.0695287827,4610678.917643676,1985010.7404599444,1979308.1198585301
2021-07-30,2753806.231175757,4455213.288423284,1923821.708364923,1979627.5208098316
2021-08-02,2772291.9830782223,4482709.2565745525,1935114.9861005812,1979946.973302865
2021-08-03,2774521.651725374,4468776.67517679,1951873.2625726562,1980266.477345947
2021-08-04,2757212.571779922,4402402.02033968,1923821.708364923,1980586.0329473962
2021-08-05,2744070.706246326,4421468.563286814,1921168.182966894,1980980.7637437629
2021-08-06,2760338.4578210963,4463858.159684748,1939758.6555471316,1981375.573209977
2021-08-09,2765487.8294287026,4463441.868318699,1943059.7675006317,1981770.4613617177
2021-08-10,2751760.3145135054,4436531.160667685,1930155.4207733131,1982165.4282146671
2021-08-11,2762638.4847734934,4478175.96906883,1927849.3808440738,1982560.4737845105
2021-08-12,2744792.7203886583,4450527.85769071,1906447.4349254486,1982955.5980869357
2021-08-13,2742525.9235173767,4386975.016543355,1914234.2683851402,1983350.8011376343
2021-08-16,2725370.1043539196,4262941.370056092,1882423.5531968663,1983746.082952301
2021-08-17,2709236.9388534143,4230980.008378494,1862269.3960070761,1984141.4435466335
2021-08-18,2706458.0204397757,4177706.7453932683,1842352.160727824,1984536.8829363324
2021-08-19,2722033.5610796185,4224042.177091921,1850597.0432145565,1984932.4011371017
2021-08-20,2743923.5997538567,4246263.132660607,1864622.820318423,1985327.9981646482
2021-08-23,2735562.4824777986,4170724.427465188,1855446.0449835735,1985723.6740346826
2021-08-24,2770294.920079389,4315337.200535383,1898707.9858478645,1986119.4287629179
2021-08-25,2777271.1907988563,4354732.896904293,1908295.425827647,1986515.2623650702
2021-08-26,2755183.1243570023,4256562.050503391,1875221.1271165025,1986911.1748568597
2021-08-27,2773715.5107692927,4310296.3833074495,1906084.1546626233,1987307.1662540087
2021-08-30,2764296.857738493,4278488.775302126,1891268.6378569624,1987703.2365722433
2021-08-31,2760362.436791797,4201830.100642368,1876121.4303765479,1988099.385827292
2021-09-01,2763992.6511717737,4252167.615540584,1885835.2287086176,1988495.6140348876
2021-09-02,2731557.297016982,4137068.6381362746,1842889.1837250441,1988891.9212107647
2021-09-03,2724695.189886182,4209958.293916969,1846932.650998231,1989288.3073706622
2021-09-06,2737228.418560755,4277740.207625298,1861716.57821582,1989684.772530321
2021-09-08,2682613.216073508,4135428.642012141,1791334.9759919131,1990081.3167054863
2021-09-09,2704545.931908918,4199580.179773853,1822103.2347738186,1990477.9399119057
2021-09-10,2700755.819442246,4048437.2183447178,1805123.8311852412,1990874.6421653302
2021-09-13,2726960.8274169224,4116159.372045678,1838577.2049532474,1991271.423481514
2021-09-14,2725218.045148667,4085387.641722226,1835054.965883245,1991668.2838762137
2021-09-15,2711341.2314182003,4039914.105485648,1817396.3861511245,1992065.2233651902
2021-09-16,2714403.2019900065,4006865.49392997,1797352.7925195855,1992462.241964207
2021-09-17,2699379.015504962,3995734.5367771327,1760156.0525650745,1992859.3396890308
2021-09-20,2675037.1207068767,3904191.4613178885,1719168.5620419509,1993256.5165554306
2021-09-21,2693632.520331441,3964823.2005981393,1741376.0424564064,1993653.7725791803
2021-09-22,2708268.6676874794,3996549.084275645,1773471.0639373262,1994051.1077760553
2021-09-23,2720495.8469924973,3987662.880164017,1801617.3869092746,1994523.4386619541
2021-09-24,2718857.6065847594,3965251.2487624786,1789281.652767248,1994995.88142887
2021-09-27,2719999.417560978,3916983.7523567704,1794020.0909780136,1995468.4361033037
2021-09-28,2688106.0752323153,3787134.842711957,1739385.8984078849,1995941.1027117635
2021-09-29,2697626.189137426,3774224.87203478,1754912.1809451606,1996413.8812807626
2021-09-30,2689789.76150956,3803786.0410908596,1752890.4473085671,1996886.7718368217
2021-10-01,2716556.9675376285,3863150.0909091905,1783232.2466515037,1997359.7744064666
2021-10-04,2667987.9651749446,3716807.77656286,1743634.698003538,1997832.88901623
2021-10-05,2667332.2568081864,3700727.7329174853,1744661.3596158705,1998306.1156926511
2021-10-06,2661635.7470419575,3758353.2703943006,1746272.428607531,1998779.4544622751
2021-10-07,2657366.942288084,3720775.862500851,1746667.2984584281,1999252.9053516535
2021-10-08,2694740.9040718055,3849728.5668561626,1782173.9954510992,1999726.4683873442
2021-10-11,2684149.4396769614,3790048.971997687,1771859.9949456658,2000200.143595911
2021-10-13,2708737.552924846,3845487.8928164416,1792014.1521354562,2000673.9310039242
2021-10-14,2701922.4978576447,3818018.5558478124,1787733.7629517312,2001147.8306379612
2021-10-15,2721325.8943576603,3875145.1574420254,1810841.546626232,2001621.8425246042
2021-10-18,2725993.331603051,3851580.021802641,1807366.6919383372,2002095.9666904428
2021-10-19,2677007.919515062,3733891.8384089195,1748057.240333586,2002570.2031620727
2021-10-20,2684706.416024427,3699730.9219134515,1749842.052059641,2003044.5519660958
2021-10-21,2641784.475798234,3559788.861501598,1701652.1354561537,2003519.01312912
2021-10-22,2617243.528863178,3524715.4590890994,1678923.426838514,2003993.5866777597
2021-10-25,2644041.4721667897,3567657.8830220615,1717131.0336113218,2004468.272638636
2021-10-26,2604899.3464073795,3482563.2351263785,1680881.9812989638,2004943.0710383756
2021-10-27,2624176.5806483263,3464969.1591567467,1679981.6780389184,2005417.9819036124
2021-10-28,2602339.6913249814,3386630.352377791,1669588.7035633055,2006004.6869883984
2021-10-29,2580429.9673219747,3324504.8254811084,1634776.9775082134,2006591.563719624
2021-11-01,2611845.9076104783,3401762.5009759744,1667156.305281779,2007178.612147506
2021-11-03,2649160.5929424474,3449384.588021537,1668198.7616881477,2007765.8323222762
2021-11-04,2620142.445886752,3370942.3959614304,1633371.2408390194,2008353.2242941807
2021-11-05,2645885.2383760572,3520509.10711221,1655673.4900176902,2008940.7881134802
2021-11-08,2627832.4481097953,3462322.966466912,1654994.3138741471,2009528.523830451
2021-11-09,2645049.6129877255,3579107.6468648543,1666903.5885772048,2010116.4314953831
2021-11-10,2673905.8499263613,3593526.369684091,1673742.7343947436,2010704.5111585814
2021-11-11,2690502.0091805276,3673556.7882939605,1701494.1875157948,2011292.7628703662
2021-11-12,2668046.993817774,3433307.138809937,1679176.143543088,2011881.186681072
2021-11-16,2632987.6316707293,3269446.160665548,1650682.3351023502,2012469.7826410478
2021-11-17,2612760.320155224,3199947.759488736,1625995.0720242609,2013058.5508006574
2021-11-18,2617470.9313392118,3177806.433379519,1619345.463735153,2013647.49121028
2021-11-19,2629958.7747816457,3218278.2487818147,1627416.6034874904,2014236.6039203084
2021-11-22,2599649.967852996,3148953.2861685767,1612995.9565327268,2014825.8889811516
2021-11-23,2605654.8434775406,3146910.5757988906,1637335.7341420269,2015415.346443232
2021-11-24,2612640.816345388,3171204.5299462075,1650777.1038665655,2016004.9763569874
2021-11-25,2637958.570453104,3197814.8239784385,1671262.9517311095,2016594.7787728705
2021-11-26,2591635.3943699375,3077067.089470942,1614607.0255243871,2017184.7537413489
2021-11-29,2588766.675904804,3077407.1748946426,1623925.9540055597,2017774.901312903
2021-11-30,2570069.3018279104,3032460.4507703697,1609726.4341672985,2018365.2215380315
2021-12-01,2548412.8164624455,2932421.978692097,1591720.3689663887,2018955.714467245
2021-12-02,2596990.7630874496,2984254.0776993716,1650018.953752843,2019546.38015107
2021-12-03,2618687.005801559,3030278.8830494117,1659559.009350518,2020137.218640047
2021-12-06,2640226.989189755,3078081.096818063,1687815.8958807178,2020728.2299847326
2021-12-07,2632219.5131759313,3108655.520717226,1698856.4569118018,2021319.4142356971
2021-12-08,2653392.36837582,3087609.97839456,1707354.0561031085,2021910.7714435263
2021-12-09,2621656.256393575,3010249.4949635942,1678844.4528683345,2022613.365217495
2021-12-10,2645646.045328676,3049605.6178053655,1702015.415718979,2023316.2031357747
2021-12-13,2633463.1062027304,3018419.0433735577,1696092.367955522,2024019.2852832023
2021-12-14,2613881.6845700443,2971465.0067837215,1686252.211271165,2024722.6117446453
2021-12-15,2633063.919262074,3027470.906877415,1695887.0356330553,2025426.1826050007
2021-12-16,2631213.657660671,3040839.251768925,1709186.252211271,2026129.9979491944
2021-12-17,2619380.696735497,3052499.0148793873,1693217.7154409906,2026834.0578621814
2021-12-20,2592134.06221524,2976754.4517439795,1658769.2696487238,2027538.362428948
2021-12-21,2592483.220035165,2985074.723010601,1666350.770785949,2028242.9117345084
2021-12-22,2588271.7556826156,2964626.8903366188,1662307.3035127623,2028947.705863907
2021-12-23,2584131.284741854,2963294.349487382,1656731.7412180945,2029652.7449022178
2021-12-27,2600890.3540693177,3018825.4823653125,1666840.4094010615,2030358.0289345435
2021-12-28,2602198.260983954,3024048.7413157867,1656305.2817791256,2031063.5580460182
2021-12-29,2587950.3267435418,2997278.973577656,1644348.62269396,2031769.3323218036
2021-12-30,2603910.299533255,3054805.106517429,1655641.9004296183,2032475.351847092
2022-01-03,2568044.8742611264,2963816.7953285524,1641426.5857973213,2033181.6167071054
2022-01-04,2551904.7089243997,2934776.1339338566,1634982.3098306798,2033888.126987095
2022-01-05,2512685.446092492,2860502.072246408,1595368.9663886782,2034594.8827723418
2022-01-06,2511077.2298585786,2839833.205093812,1604135.0770785948,2035301.8841481565
2022-01-07,2512948.9860469084,2834832.9870072547,1622425.4485721507,2036009.1311998789
2022-01-10,2498193.118819985,2781035.1956871664,1610200.277988375,2036716.6240128796
2022-01-11,2513625.9103421997,2816371.3291387004,1639167.9302501895,2037424.362672558
2022-01-12,2540960.8545749797,2900304.9337306637,1669288.6024766236,2038132.347264343
2022-01-13,2542604.094777519,2872738.982604317,1666824.6146070256,2038840.577873694
2022-01-14,2553342.0437505087,2916511.561858136,1688905.7366691937,2039549.0545860995
2022-01-17,2548700.2733785976,2887021.6032432844,1685178.1652767248,2040257.7774870775
2022-01-18,2538438.974111933,2864721.4794691517,1682493.0502906241,2040966.7466621767
2022-01-19,2568217.4784173095,2930366.6909627155,1706043.0881981298,2041675.9621969743
2022-01-20,2605958.742132329,2995907.5880793356,1723243.6189032095,2042385.4241770783
2022-01-21,2614009.259727888,3018673.675630311,1720716.4518574679,2043095.1326881258
2022-01-24,2597202.8436910654,2961490.994563664,1701920.6469547637,2043805.0878157835
2022-01-25,2637828.7211697823,3030876.637635607,1734979.1508718727,2044515.2896457482
2022-01-26,2660922.115990311,3057819.315261485,1762272.5549658833,2045225.7382637472
2022-01-27,2685931.646033438,3129175.544854188,1773992.2921405104,2045936.4337555368
2022-01-28,2681215.743073544,3085931.318972382,1760772.049532474,2046647.376206902
2022-01-31,2709744.995333511,3142124.486734841,1775145.3121051302,2047358.5657036605
2022-02-01,2702271.39419123,3137391.9893448027,1787133.5607783676,2048070.002331657
2022-02-02,2679543.3583497675,3072933.8990597785,1771559.893858984,2048781.686176767
2022-02-03,2678509.6875541112,3059549.906848524,1764215.3146322973,2049604.6408044705
2022-02-04,2656703.143292574,3025486.965394166,1772886.6565579984,2050427.9259965885
2022-02-07,2650424.842067672,3020276.557287604,1768953.7528430629,2051251.5418859026
2022-02-08,2655277.4627167243,3035301.5708566355,1772712.9138236037,2052075.4886052476
2022-02-09,2656235.1067801197,3057623.577390212,1776298.3320697497,2052899.7662875105
2022-02-10,2663771.8583428957,3091254.411359906,1790482.0571139753,2053724.3750656326
2022-02-11,2660975.6431434746,3029521.6548424615,1793846.3482436188,2054549.3150726089
2022-02-14,2668241.556479513,3051335.6859501577,1797558.124842052,2055374.5864414873
2022-02-15,2708547.388209834,3131694.735930198,1811031.0841546627,2056200.1893053688
2022-02-16,2713452.568435471,3129161.8380387593,1819260.171847359,2057026.1237974088
2022-02-17,2696859.028801998,3087479.3879928933,1793151.37730604,2057852.3900508157
2022-02-18,2699298.230562772,3058238.39472808,1781147.3338387667,2058678.9881988512
2022-02-21,2663760.0342572513,2989696.5160911945,1764673.3636593379,2059505.918374831
2022-02-22,2690700.5143021815,3025386.513459447,1783105.8882992165,2060333.180712124
2022-02-23,2681173.705723074,2998166.890737383,1769143.2903714937,2061160.7753441525
2022-02-24,2664998.9085530234,3008955.499770929,1762572.656052565,2061988.7024043924
2022-02-25,2663619.7688462753,3006520.9802270937,1787054.5868081881,2062816.9620263742
2022-03-02,2662813.334280869,3048889.737393359,1819149.608289108,2063645.5543436806
2022-03-03,2658902.822989307,3054646.9817481777,1819023.249936821,2064474.4794899493
2022-03-04,2634595.079733058,3029789.077615959,1808093.2524639878,2065303.737598871
2022-03-07,2575497.9280619957,2925437.532279311,1762588.450846601,2066133.3288041896
2022-03-08,2589985.6790691926,2953599.8170661074,1756428.4811726054,2066963.2532397036
2022-03-09,2662392.322628374,3042669.944374098,1799027.0406873894,2067793.511039265
2022-03-10,2640987.331479937,2997489.674050188,1795283.6745008845,2068624.102336779
2022-03-11,2607354.4206521525,2930538.978972524,1764483.8261309073,2069455.0272662058
2022-03-14,2605937.7449701135,2883052.2135147406,1736290.118776851,2070286.2859615579
2022-03-15,2611528.713652478,2845299.9995793942,1720984.963356078,2071117.8785569025
2022-03-16,2640451.333079782,2902948.429603014,1754991.15491534,2071949.8051863613
2022-03-17,2664456.161095626,2979878.980743957,1786012.1304018195,2072856.055311652
2022-03-18,2705458.51086237,3052393.0301332376,1821313.4950720242,2073762.7018216846
2022-03-21,2707677.4832227663,3041016.1900532334,1834644.301238312,2074669.7448898344
2022-03-22,2738037.0254711015,3085013.902724834,1852287.0861763963,2075577.1846895518
2022-03-23,2749900.3441648274,3107534.6760801,1855209.1230730352,2076485.0213943631
2022-03-24,2788948.4806348854,3198139.063249278,1880417.614354309,2077393.255177871
2022-03-25,2807365.901276319,3203445.2706146007,1880859.8685873137,2078301.8862137534
2022-03-28,2801426.4001944712,3197491.208433444,1875442.2542330048,2079210.9146757645
2022-03-29,2825446.686059786,3267877.5240182397,1895596.4114227952,2080120.340737735
2022-03-30,2812576.235403292,3248942.2038723184,1899481.930755623,2081030.1645735705
2022-03-31,2813914.7049149005,3240640.035683084,1895359.4895122568,2081940.3863572537
2022-04-01,2852538.6680840757,3324508.1207170896,1920173.1109426334,2082851.0062628426
2022-04-04,2848370.9931002334,3314472.081034572,1915592.6206722264,2083762.024464472
2022-04-05,2808836.454963264,3242202.6962322444,1877764.08895628,2084673.4411363525
2022-04-06,2783831.632465362,3196055.4637018256,1867386.9092747031,2085585.2564527714
2022-04-07,2786312.578563838,3195344.1298993686,1877400.8086934546,2086497.4705880915
2022-04-08,2780102.093214976,3162523.0478851385,1868871.6199140763,2087410.083716752
2022-04-11,2766624.9718356044,3125614.432628758,1847248.5468789488,2088323.0960132694
2022-04-12,2757266.833811522,3105552.856961908,1834517.9428860247,2089236.5076522345
2022-04-13,2766358.416004812,3124150.172594355,1844547.6370988123,2090150.3188083167
2022-04-14,2760331.4555321443,3115649.7118207775,1835070.7606772808,2091064.5296562603
2022-04-18,2765607.9629451507,3101843.0806800295,1827252.3376295173,2091979.1403708868
2022-04-19,2757280.780902888,3098631.2025215835,1817301.6173869092,2092894.151127094
2022-04-20,2753706.624737227,3072642.6365527967,1806039.9292393227,2093809.5620998556
2022-04-22,2716626.3938791524,3010874.2345153615,1754454.1319181197,2094725.3734642225
2022-04-25,2722048.2777924957,3007097.737609712,1748246.7778620166,2095641.5853953224
2022-04-26,2686012.8473455403,2941424.5595586523,1709202.0470053072,2096558.1980683585
2022-04-27,2689833.542627112,2953289.45754235,1727144.9330300733,2097475.211658612
2022-04-28,2697694.6573254177,2973506.7514336025,1736147.9656305283,2098392.6263414393
2022-04-29,2665566.1286710636,2904624.070836662,1703879.2014152135,2099310.4422922744
2022-05-02,2653528.6215423555,2868845.7823999003,1684341.0411928229,2100228.6596866297
2022-05-03,2650180.549527149,2845290.814447178,1682587.8190548394,2101147.27870009
2022-05-04,2685324.6336993463,2916132.9324091626,1711271.1650240081,2102066.2995083206
2022-05-05,2626488.7955338936,2811611.0214204653,1663254.9911549154,2103060.1354340645
2022-05-06,2617010.0872799573,2782211.4105009306,1660585.6709628506,2104054.441235496
2022-05-09,2603694.9228750425,2726102.246144321,1630812.484205206,2105049.2171347677
2022-05-10,2608005.6947272858,2734819.543596803,1628601.213040182,2106044.463354137
2022-05-11,2599778.795097198,2728752.1875536256,1648929.112964367,2107040.180115966
2022-05-12,2632868.297486015,2786296.307372445,1669320.1920646955,2108036.3676427226
2022-05-13,2657301.351931987,2833298.0213010833,1688842.5574930503,2109033.0261569805
2022-05-16,2669414.6923926794,2848596.5499659413,1709517.9428860247,2110030.1558814165
2022-05-17,2688614.2915561213,2838930.837686557,1718299.8483699772,2111027.757038816
2022-05-18,2653993.5139828534,2769847.499786975,1678149.4819307555,2112025.829852066
2022-05-19,2660184.5082004312,2783925.4960674103,1690121.935809957,2113024.3745441614
2022-05-20,2675473.890100597,2798123.1956046247,1713545.6153651755,2114023.391338202
2022-05-23,2700172.3563690935,2833857.2537040133,1742892.3426838515,2115022.8804573924
2022-05-24,2701663.7312548948,2842170.6585607976,1746604.1192822845,2116022.8421250437
2022-05-25,2703446.8311044774,2844811.55272614,1746588.3244882487,2117023.276564572
2022-05-26,2719118.81460603,2892939.0117169986,1767279.504675259,2118024.183999499
2022-05-27,2717945.036422182,2894882.1167649273,1768100.833965125,2119025.5646534516
2022-05-30,2694277.172384877,2853974.4846555777,1753727.571392469,2120027.4187501636
2022-05-31,2695493.316045709,2845250.701382409,1758766.1106899166,2121029.7465134743
2022-06-01,2697491.6953989547,2852913.727068707,1758908.2638362395,2122032.5481673284
2022-06-02,2709032.245025214,2885696.354448156,1775224.2860753096,2123035.8239357765
2022-06-03,2685616.04252841,2835824.374105157,1754833.2069749811,2124039.5740429745
2022-06-06,2654760.2671939647,2787528.5310327928,1740365.1756381097,2125043.7987131863
2022-06-07,2636219.8180131405,2762430.682970294,1738532.979529947,2126048.4981707796
2022-06-08,2616258.003852915,2726125.294304092,1711650.2400808693,2127053.67264023
2022-06-09,2610269.570427337,2701384.894672457,1691527.6724791508,2128059.322346117
2022-06-10,2580548.302804578,2652475.1141517493,1666050.669699267,2129065.447513129
2022-06-13,2536126.2676434764,2577078.43010801,1620514.2784938083,2130072.048366058
2022-06-14,2525958.942486427,2553659.398964167,1612064.0636846095,2131079.125129805
2022-06-15,2557325.5022131586,2583687.370120444,1623815.3904473085,2132086.6780293747
2022-06-17,2536882.159890582,2535867.9864056055,1576715.3146322973,2133132.18937368
2022-06-20,2535615.8963537067,2548901.2591901324,1577157.568865302,2134178.2134053833
2022-06-21,2527277.496800194,2543265.7315246314,1574504.0434672732,2135224.750375891
2022-06-22,2532356.3546695383,2544363.0981678134,1571929.492039424,2136271.800536734
2022-06-23,2528534.343367115,2542536.542992386,1549153.3990396764,2137319.364139563
2022-06-24,2521031.7738413587,2539971.718968744,1558503.9171089209,2138367.441436156
2022-06-27,2532097.9300327464,2557739.421423222,1591546.626231994,2139416.0326784137
2022-06-28,2516867.3447223497,2542590.7065044944,1588814.1268637858,2140465.1381183583
2022-06-29,2502553.966523313,2522518.358260519,1573508.9714430124,2141514.758008138
2022-06-30,2494578.215155724,2508822.4724148214,1556450.5938842557,2142564.8926000223
2022-07-01,2511037.541644919,2510252.0842146515,1562958.0490270406,2143615.5421464066
2022-07-04,2492179.6257190835,2484298.972758008,1557508.84508466,2144666.706899809
2022-07-05,2494506.326074393,2497720.582980705,1552549.279757392,2145718.3871128717
2022-07-06,2518649.0117281037,2527085.6500196806,1559246.2724286076,2146770.583038361
2022-07-07,2556500.4398030406,2572424.743047053,1591009.6032347737,2147823.294929165
2022-07-08,2558672.613983533,2571063.784906598,1584044.0990649483,2148876.5230383
2022-07-11,2523692.5534170587,2530335.4737861273,1551238.3118524135,2149930.267618903
2022-07-12,2534964.0645334837,2566231.35348769,1552170.2047005307,2150984.528924235
2022-07-13,2527476.497678734,2551456.368003427,1546010.2350265353,2152039.3072076836
2022-07-14,2514454.2889312836,2542837.039090447,1518211.3975233764,2153094.6027227594
2022-07-15,2528343.909141178,2541775.9037917694,1525003.1589588071,2154150.415723097
2022-07-18,2521591.9012565687,2536293.044549481,1530768.2587819055,2155206.7464624555
2022-07-19,2542456.38181936,2561910.392722436,1551759.5400555977,2156263.595194718
2022-07-20,2557663.9356384883,2599551.7085937373,1552422.921405105,2157320.962173894
2022-07-21,2565359.7409311575,2608836.856215325,1564205.8377558757,2158378.8476541154
2022-07-22,2562974.218877685,2593217.5623938283,1562500.0,2159437.2518896395
2022-07-25,2566951.5498503298,2600008.480536669,1583743.9979782663,2160496.175134849
2022-07-26,2541547.2521573375,2562727.9022720195,1575878.1905483953,2161555.6176442495
2022-07-27,2586905.7649041056,2616403.764258319,1602192.317412181,2162615.5796724735
2022-07-28,2617329.91796362,2646803.7927985736,1620498.4836997725,2163676.0614742776
2022-07-29,2617637.068283265,2644816.8306947653,1629469.9267121556,2164737.0633045435
2022-08-01,2613978.5561773055,2652156.509565271,1614622.820318423,2165798.5854182765
2022-08-02,2623003.130133038,2666650.256970106,1632581.5011372252,2166860.628070608
2022-08-03,2662013.6952677886,2711935.6084475974,1639104.751074046,2167923.191516795
2022-08-04,2730365.2170657115,2809047.371595849,1672542.3300480163,2169024.2363473023
2022-08-05,2732275.753339086,2801660.0401669107,1681703.31058883,2170125.8403764586
2022-08-08,2760274.4574744822,2841842.141006491,1712187.2630780896,2171228.003888269
2022-08-09,2742931.8539128182,2814097.3645620923,1716120.166793025,2172330.7271668836
2022-08-10,2790824.3490044693,2874592.4593162336,1741154.915339904,2173434.010496597
2022-08-11,2759953.5952214333,2829675.927550874,1732973.212029315,2174537.8541618483
2022-08-12,2805048.9258674053,2921328.889486187,1781084.1546626233,2175642.25844722
2022-08-15,2836466.652329882,2986558.690280879,1785317.1594642405,2176747.2236374402
2022-08-16,2821453.663831138,2984427.6016799137,1792898.6606014657,2177852.750017381
2022-08-17,2837084.2070391634,2991367.86683548,1795994.4402324993,2178958.83787206
2022-08-18,2822169.8335540914,2983597.0573644335,1797652.8936062674,2180065.4874866386
2022-08-19,2784090.533926651,2919687.975949038,1761056.3558251201,2181172.699146423
2022-08-22,2768095.4523636536,2900203.0670189625,1745340.5357594136,2182280.4731368655
2022-08-23,2799312.580699415,2958977.4991639857,1782553.0705079606,2183388.8097435627
2022-08-24,2821804.5833871774,3008032.802006809,1783200.6570634318,2184497.709252255
2022-08-25,2829097.4452358307,3025391.203364216,1793214.5564821835,2185607.1719488306
2022-08-26,2804844.9885042976,2991017.097784083,1773739.5754359362,2186717.19811932
2022-08-29,2819284.5674009896,2997242.785962655,1774118.6504927976,2187827.788049901
2022-08-30,2805048.5255883154,2973110.5938725583,1744234.9001769016,2188938.9420268955
2022-08-31,2796356.026065842,2948148.4951224695,1729893.2271923174,2190050.6603367724
2022-09-01,2822852.6395091102,2983055.4178992626,1743824.2355319688,2191162.9432661445
2022-09-02,2847872.4739670325,2996493.7822409123,1751074.0459944403,2192275.7911017705
2022-09-05,2869806.6165896365,3027331.1464781696,1772223.2752084914,2193389.2041305555
2022-09-06,2816447.3585984977,2949468.652055931,1733699.772554966,2194503.18263955
2022-09-08,2826578.534379297,2973195.0354181877,1736100.5812484205,2195617.7269159486
2022-09-09,2866376.6694306354,3013926.4428519676,1773755.3702299723,2196732.8372470946
2022-09-12,2886262.069279765,3075364.1867807307,1791240.2072276978,2197848.5139204757
2022-09-13,2850556.1944072274,3019890.5301275877,1749968.4104119283,2198964.7572237253
2022-09-14,2851085.280082119,3002615.431825815,1746067.0962850645,2200081.5674446244
2022-09-15,2833127.5255777594,2970233.0665500136,1736700.7834217842,2201198.944871098
2022-09-16,2818918.878078279,2971234.129872275,1726055.0922415971,2202316.889791219
2022-09-19,2858918.617977299,3017794.251041632,1766237.0482688905,2203435.402493207
2022-09-20,2868365.610716016,3022588.7296090955,1777182.8405357595,2204554.483265425
2022-09-21,2866427.688041016,3046820.844557257,1768006.0652009097,2205674.1323963855
2022-09-22,2906405.11583988,3084643.397952028,1801712.15567349,2206794.3501747474
2022-09-23,2879047.391620801,3065046.697448262,1764531.2105130148,2207915.136889314
2022-09-26,2814234.563481978,2986436.340929338,1723433.15643164,2209036.4928290374
2022-09-27,2789359.6521934187,2925475.84594822,1711776.5984331565,2210158.4182830155
2022-09-28,2807706.119034654,2948192.368164629,1712961.207985848,2211280.913540493
2022-09-29,2788507.553375404,2906888.544779135,1700530.7050796058,2212403.978890862
2022-09-30,2838129.0675561153,2997197.7669922207,1738011.7513267626,2213527.614623661
2022-10-03,2961701.7321920483,3152703.566962001,1834312.6105635583,2214651.8210285767
2022-10-04,2947673.631799666,3157923.732896507,1835828.9107910034,2215776.59839544
2022-10-05,2953501.605040277,3163179.434749958,1851118.2714177407,2216901.947014233
2022-10-06,2969032.620321694,3206955.671017359,1856851.7816527672,2218027.8671750827
2022-10-07,2947692.166623985,3176941.5508795264,1838119.1559262066,2219154.359168264
2022-10-10,2948683.5279562306,3179011.6248815167,1831264.2153146323,2220281.4232841986
2022-10-11,2918339.820496547,3140044.5978152636,1813668.8147586556,2221409.059813456
2022-10-13,2905695.234487028,3105344.010134923,1805344.9583017437,2222537.2690467546
2022-10-14,2868059.9215913573,3016226.138937686,1770154.1571897902,2223666.051274958
2022-10-17,2890242.1126931147,3056546.764757678,1794667.677533485,2224795.40678908
2022-10-18,2918085.9837571774,3087873.4866722096,1828136.8460955268,2225925.3358802795
2022-10-19,2922318.435417239,3088176.0015372857,1836523.8817285823,2227055.8388398667
2022-10-20,2923296.834395678,3076834.6895438945,1850691.8119787718,2228186.9159592963
2022-10-21,2967893.734433887,3134987.2903123177,1894253.8539297448,2229318.5675301743
2022-10-24,2927708.145667647,3097018.0276678796,1832401.440485216,2230450.7938442514
2022-10-25,2902683.5268435646,3084241.784554442,1810494.0611574424,2231583.595193429
2022-10-26,2842155.8885300746,2994859.2873724825,1781084.1546626233,2232716.971869756
2022-10-27,2905108.3734324505,3088870.325830133,1810730.9830679807,2233850.924165429
2022-10-28,2927956.2609060314,3126600.293520352,1809119.9140763204,2234985.4523727945
2022-10-31,2987804.50454081,3211852.5904286783,1832780.5155420774,2236120.556784346
2022-11-01,3009320.4740020595,3246753.7396345013,1846869.4718220874,2237256.2376927254
2022-11-03,3024325.154804629,3291287.76427958,1846348.2436189032,2238392.4953907244
2022-11-04,3034883.6066923602,3314498.991608566,1866233.8893100834,2239529.3301712833
2022-11-07,2959575.7125916076,3214733.431859538,1821803.1336871367,2240666.742327491
2022-11-08,2960219.9325700123,3228617.7610002444,1834723.2752084914,2241804.7321525845
2022-11-09,2913165.4440814005,3174447.4757239977,1793972.706595906,2242943.29993995
2022-11-10,2803131.4690955468,3000804.3520777514,1733873.5152893607,2244082.445983124
2022-11-11,2814229.6049537384,2982123.347541116,1773013.0149102856,2245222.1705757896
2022-11-14,2832015.9285866977,3017106.349158087,1787354.6878948698,2246362.4740117816
2022-11-16,2764908.6539724492,2902839.760746475,1741265.4788981553,2247503.356585083
2022-11-17,2740607.502357508,2881108.7678340375,1732736.290118777,2248644.8185898256
2022-11-18,2735470.9357029265,2849857.6270617116,1719737.1746272428,2249786.8603202906
2022-11-21,2782046.7309427997,2919574.4695940022,1733447.0558503917,2250929.48207091
2022-11-22,2752987.0091545205,2885524.5470973495,1722216.957290877,2252072.6841362645
2022-11-23,2741153.2762481347,2875017.373785396,1716625.6002021735,2253216.4668110833
2022-11-24,2810168.7086036815,2973028.703280191,1766347.6118271418,2254360.8303902475
2022-11-25,2751331.1746649514,2882883.1006646166,1721269.2696487238,2255505.7751687863
2022-11-28,2738426.260435615,2857583.31193258,1718189.284811726,2256651.301441879
2022-11-29,2774445.2673516567,2901578.9456101954,1751800.606520091,2257797.409504855
2022-11-30,2791935.1574352398,2925723.163223075,1776693.201920647,2258944.099653194
2022-12-01,2758805.328993712,2869870.5087920944,1752053.3232246651,2260091.372182526
2022-12-02,2787293.560085876,2902990.1195704103,1767816.5276724792,2261239.2273886306
2022-12-05,2721780.1994663635,2817724.417029279,1727966.2623199394,2262387.6655674363
2022-12-06,2729473.6764612813,2824386.5853071976,1730051.1751326763,2263536.687015025
2022-12-07,2731080.069084876,2808879.471777818,1727334.4705585039,2264686.292027626
2022-12-08,2681133.629043586,2745133.273539958,1693912.6863785696,2265836.4809016217
2022-12-09,2675037.18771053,2736970.2466117563,1700925.5749305028,2266987.253933542
2022-12-12,2634198.575190696,2691050.222322326,1662623.1993934799,2268138.61142007
2022-12-13,2587970.039121898,2651711.0285186158,1640952.7419762446,2269290.5536580374
2022-12-14,2601667.9750032914,2657973.128633825,1639547.005307051,2270443.080944429
2022-12-15,2609618.7880820376,2657478.1494885897,1638520.3436947183,2271596.193576379
2022-12-16,2585189.3796123276,2613076.212019552,1624099.6967399544,2272749.891851173
2022-12-19,2637190.825866375,2694897.8036419176,1651029.8205711397,2273904.176066246
2022-12-20,2691084.8288617474,2767716.6529843197,1689711.271165024,2275059.0465191863
2022-12-21,2695339.966443036,2757605.5954894917,1694986.73237301,2276214.503507733
2022-12-22,2705675.763491659,2766323.175247124,1695049.9115491535,2277370.547329774
2022-12-23,2749981.6870499006,2817653.2577279923,1732657.3161485975,2278527.178283352
2022-12-26,2724094.1652059467,2790018.818269431,1717494.3138741471,2279684.3966666586
2022-12-27,2694387.898585428,2750055.309987085,1711318.5494061157,2280842.2027780376
2022-12-28,2744395.059845716,2824605.8630671203,1741170.7101339397,2282000.596915985
2022-12-29,2737164.8373218486,2822138.7995075407,1737916.9825625473,2283159.5793791465
2023-01-02,2668642.7678105067,2733516.512610389,1680187.0103613848,2284319.1504663215
2023-01-03,2624076.007553989,2671024.815011679,1645280.5155420774,2285479.31047646
2023-01-04,2646958.1106443373,2695543.6058994727,1663728.8349759919,2286640.059708665
2023-01-05,2683560.224786643,2743922.5173833347,1698224.6651503665,2287801.39846219
2023-01-06,2713230.052319607,2778871.557317656,1719042.203689664,2288963.3270364413
2023-01-09,2716745.9781877086,2788910.7804873097,1725217.9681576951,2290125.8457309767
2023-01-10,2762990.9983361457,2853965.6851348234,1751832.1961081626,2291288.954845506
2023-01-11,2789982.0094329524,2900815.823312023,1765273.5658327015,2292452.6546798935
2023-01-12,2778505.076464895,2904504.691344954,1767074.1723527925,2293616.945534152
2023-01-13,2755004.2574454406,2894768.0324795377,1751895.3752843062,2294781.82770845
2023-01-16,2737672.51819725,2901339.3075027047,1724996.8410411929,2295947.301503107
2023-01-17,2771927.864735512,2929263.772300692,1760156.0525650745,2297113.3672185945
2023-01-18,2796258.0465537263,2938247.440020797,1776156.178923427,2298280.0251555378
2023-01-19,2803433.7015909352,2962686.097140937,1784906.4948193075,2299447.275614714
2023-01-20,2788699.640471387,2945899.234194414,1773771.1650240081,2300615.118897053
2023-01-23,2782990.857178729,2964197.8261001166,1764420.6469547637,2301783.555303639
2023-01-24,2817380.8610128076,3024786.5265691937,1785253.980288097,2302952.5851357062
2023-01-25,2843090.817604251,3061860.234444115,1803686.5049279758,2304122.208694645
2023-01-26,2844433.570792058,3058813.896471759,1802328.1526408896,2305292.426281997
2023-01-27,2826349.340296832,3054620.8222827585,1776945.9186252211,2306463.238199457
2023-01-30,2831347.490305782,3034968.3202692866,1767247.9150871872,2307634.6447488735
2023-01-31,2867582.1701753777,3076878.2681675428,1793214.5564821835,2308806.6462322487
2023-02-01,2843731.9657261195,3032852.995971052,1773802.7546120798,2309979.2429517373
2023-02-02,2827911.861339719,3011449.4638159983,1736400.6823351025,2311152.4352096478
2023-02-03,2781517.8324622493,2956579.584661534,1713577.2049532474,2312326.223308442
2023-02-06,2777783.5063446327,2942067.9095899835,1713040.1819560274,2313500.607550736
2023-02-07,2753657.3733504303,2911404.651797019,1704574.1723527925,2314675.588239299
2023-02-08,2792898.290372117,2960008.181167134,1735563.5582512005,2315851.165677054
2023-02-09,2746353.932257996,2902129.4035265637,1702410.2855698762,2317027.340167078
2023-02-10,2764024.998292676,2916923.5631622653,1708206.9749810463,2318204.1120126024
2023-02-13,2777893.532194136,2933164.136245535,1719200.1516300228,2319381.4815170113
2023-02-14,2761210.2937252508,2895047.259492876,1700451.7311094264,2320559.4489838444
2023-02-15,2793345.874766046,2920751.490500262,1728613.8488754106,2321738.0147167942
2023-02-16,2803318.188990787,2912570.307492216,1735926.8385140258,2322917.1790197087
2023-02-17,2799531.80564034,2891604.079845989,1726418.3725044224,2324096.942196589
2023-02-22,2757781.559457821,2832523.8321697027,1692443.7705332323,2325277.3045515916
2023-02-23,2758152.430664003,2836086.405265747,1701415.2135456153,2326458.2663890272
2023-02-24,2728464.667082437,2804300.6818387867,1672242.2289613343,2327639.828013361
2023-02-27,2726589.561165656,2802261.289990734,1669683.4723275208,2328821.989729212
2023-02-28,2714794.5423620786,2785680.7742246385,1657379.327773566,2330004.751841356
2023-03-01,2685430.442483096,2734525.683361428,1648739.5754359362,2331188.114654721
2023-03-02,2668904.216656905,2717113.124333468,1632012.8885519332,2332372.078474392
2023-03-03,2671393.5425644186,2714445.9147334285,1640542.0773313115,2333556.643605608
2023-03-06,2698261.5064505544,2755636.8300052867,1653714.9355572404,2334741.810353763
2023-03-07,2708721.9995816858,2754321.8293333664,1646259.7927723022,2335927.5790244048
2023-03-08,2762337.8419350735,2832673.8194639315,1682777.3565832702,2337113.9499232396
2023-03-09,2755181.2517087557,2813877.12127254,1659574.8041445538,2338300.9233561265
2023-03-10,2715573.3793189935,2774980.822148024,1636624.9684104118,2339488.4996290808
2023-03-13,2722567.327207698,2802481.921980896,1628774.9557745766,2340676.6790482723
2023-03-14,2705351.4333026167,2795111.333248394,1625789.7397017942,2341865.4619200276
2023-03-15,2720479.4845691854,2813562.627065932,1621730.4776345717,2343054.8485508277
2023-03-16,2734921.3244729284,2834712.7410454615,1633734.5211018447,2344244.8392473096
2023-03-17,2693431.518966493,2778846.8614428346,1610784.6853677027,2345435.4343162663
2023-03-20,2658578.3546194774,2744827.0296726855,1594057.9984836997,2346626.6340646474
2023-03-21,2652448.5576473866,2729990.2683988423,1595242.6080363912,2347818.438799556
2023-03-22,2652090.466256983,2723054.400346294,1582970.053070508,2349010.848828254
2023-03-23,2606286.110406806,2638204.036344378,1546721.0007581501,2350203.8644581567
2023-03-24,2633903.990679589,2685822.044170821,1560983.699772555,2351397.485996838
2023-03-27,2651195.4849051614,2721421.7805643035,1574267.121556735,2352591.7137520257
2023-03-28,2675275.0938862977,2755683.8657758706,1598196.234521102,2353786.5480316062
2023-03-29,2673593.1521333326,2750070.4055197476,1607799.4692949203,2354981.9891436207
2023-03-30,2718046.111652393,2802335.370106778,1638125.473843821,2356178.037396267
2023-03-31,2692127.5352121303,2755969.72759059,1609205.2059641143,2357374.6930978997
2023-04-03,2665487.019271009,2726386.919330841,1603266.3634066212,2358571.9565570303
2023-04-04,2689138.174220368,2744803.3054205836,1608999.8736416476,2359769.8280823263
2023-04-05,2669316.273481071,2722156.539339375,1594926.7121556734,2360968.307982613
2023-04-06,2675762.4770689486,2732137.3801713786,1592462.7242860752,2362167.3965668706
2023-04-10,2682205.2160537965,2740201.3858770397,1608652.3881728582,2363367.0941442396
2023-04-11,2770829.5947650066,2871106.521034743,1677628.2537275713,2364567.4010240133
2023-04-12,2799613.226068079,2914121.821210866,1688305.53449583,2365768.317515645
2023-04-13,2803145.1213090043,2909699.214227757,1681482.1834723274,2366969.843928745
2023-04-14,2789176.215660631,2881627.510506852,1678654.915339904,2368171.98057308
2023-04-17,2782557.670436424,2867514.0271771653,1674500.884508466,2369374.7277585734
2023-04-18,2760280.8773310585,2838296.735801785,1676822.7192317413,2370578.085795307
2023-04-19,2720741.61830165,2771262.4409128074,1641284.4326509982,2371782.0549935214
2023-04-20,2736567.551209305,2795450.995000479,1648455.2691432904,2372986.6356636113
2023-04-24,2733203.480017066,2803804.1633480676,1641821.4556482183,2374191.8281161324
2023-04-25,2714482.9045749228,2776510.433956551,1630338.6403841295,2375397.632661796
2023-04-26,2712158.246380803,2754099.7350490587,1615996.967399545,2376604.0496114725
2023-04-27,2730110.808660719,2780359.9843812464,1625647.5865554714,2377811.079276189
2023-04-28,2765768.060033869,2833394.0736064073,1649481.930755623,2379018.7219671323
2023-05-02,2721476.0015671975,2779251.113573092,1609915.971695729,2380226.977995645
2023-05-03,2718667.0981574827,2787072.023322714,1607862.648471064,2381435.8476732294
2023-05-04,2738291.686064804,2814218.405861635,1613817.285822593,2382645.331311546
2023-05-05,2796985.348884039,2887478.8005118314,1660791.0032853172,2383855.4292224124
2023-05-08,2815300.3583523883,2907795.4042251264,1674911.549153399,2385066.141717806
2023-05-09,2836093.1984160366,2955463.8579438855,1691843.5683598686,2386277.469109861
2023-05-10,2868175.9656577394,2993298.1994296466,1697119.0295678545,2387489.411710873
2023-05-11,2906066.235797489,3029913.2966261627,1709881.22314885,2388701.9698332925
2023-05-12,2892711.752669847,3015143.98159796,1713166.5403083144,2389915.1437897314
2023-05-15,2908996.347928838,3039911.264297491,1722090.59893859,2391128.9338929593
2023-05-16,2878326.0289763496,2932913.6472670315,1708901.9459186252,2392343.340455905
2023-05-17,2915079.0048685772,2967113.8205397194,1728898.1551680567,2393558.3637916557
2023-05-18,2941797.9989993973,3006921.654218465,1739133.1817033107,2394774.0042134584
2023-05-19,2964627.629308022,3046882.3631457197,1749194.46550417,2395990.2620347184
2023-05-22,2958414.0743448366,3055142.880191031,1740791.6350770786,2397207.1375690005
2023-05-23,2948932.978743556,3032524.9456368336,1736305.913570887,2398424.6311300294
2023-05-24,2932409.7182236207,3005302.9434636193,1718473.591104372,2399642.743031688
2023-05-25,2977697.5612255204,3060904.0358304055,1738280.2628253729,2400861.4735880187
2023-05-26,2996951.4443466933,3085551.00725132,1751737.4273439473,2402080.823113225
2023-05-29,2991644.033730989,3073458.9562479774,1742687.0103613848,2403300.7919216673
2023-05-30,2971367.183943433,3040948.5946934186,1721111.3217083649,2404521.3803278683
2023-05-31,2965075.8640516736,3037639.653249102,1711129.011877685,2405742.5886465097
2023-06-01,3014481.56187834,3109310.6907231174,1746351.4025777103,2406964.4171924316
2023-06-02,3046078.6720773755,3143730.6789574935,1777830.4270912306,2408186.8662806354
2023-06-05,3055153.031421271,3136327.699872682,1780010.108668183,2409409.936226282
2023-06-06,3106853.3805483673,3197062.500375374,1810241.3444528684,2410633.627344692
2023-06-07,3116087.357153318,3205774.6178906034,1824109.173616376,2411857.939951348
2023-06-09,3153263.4686652226,3249875.120006633,1848291.0032853172,2413082.874361891
2023-06-12,3164991.3828781075,3257942.168020053,1853297.9529946928,2414308.4308921215
2023-06-13,3129286.1709497613,3204425.889117869,1843931.6401314128,2415534.609858003
2023-06-14,3173379.5449752086,3256239.985046421,1880670.331058883,2416761.4115756573
2023-06-15,3185859.615826712,3257023.8636306454,1883071.1397523377,2417988.8363613687
2023-06-16,3164096.5506467847,3229407.149542816,1875758.1501137225,2419216.88453158
2023-06-19,3193759.8542686976,3255057.008830567,1893132.423553197,2420445.556402896
2023-06-20,3208017.006923421,3261803.1479618293,1889404.8521607278,2421674.852292082
2023-06-21,3224061.3904810906,3278854.6274725334,1902009.0978013647,2422904.772516064
2023-06-22,3187916.559223636,3224412.5637273067,1878538.0338640383,2424135.317391929
2023-06-23,3206448.271214942,3252532.1298672226,1879217.2100075814,2425366.4872369263
2023-06-26,3182289.314883722,3204820.857957738,1867623.8311852412,2426598.2823684644
2023-06-27,3151249.9263288327,3171679.2760259984,1856251.5794794036,2427830.703104113
2023-06-28,3141277.7941943333,3159289.7567857415,1842952.3629011877,2429063.7497616066
2023-06-29,3186608.8837255375,3216614.446742642,1869835.1023502653,2430297.422658835
2023-06-30,3199345.341859784,3237527.768765443,1865159.8433156433,2431531.722113855
2023-07-03,3219097.097725827,3258174.117244892,1890210.386656558,2432766.6484448826
2023-07-04,3219500.882896316,3246458.0698727993,1880780.8946171342,2434002.2019702946
2023-07-05,3241062.2279924154,3271113.4248982393,1888251.832196108,2435238.3830086314
2023-07-06,3201305.456880155,3203115.6872963137,1854719.4844579226,2436475.1918785945
2023-07-07,3244804.466904275,3250491.611571238,1877969.4212787466,2437712.6288990458
2023-07-10,3222777.284667117,3212693.9338755766,1862869.5981804398,2438950.694389011
2023-07-11,3202808.636391072,3197026.6959042745,1851465.7568865302,2440189.3886676775
2023-07-12,3202645.2690530485,3198036.4549809042,1858510.2350265353,2441428.712054394
2023-07-13,3223019.3342405814,3228795.4003790286,1883750.3158958808,2442668.6648686724
2023-07-14,3181056.510603728,3176745.777935805,1859221.0007581501,2443909.247430186
2023-07-17,3206658.7902045194,3197593.784462077,1867244.75612838,2445150.4600587706
2023-07-18,3216863.196164617,3208780.297555684,1861274.3239828153,2446392.3030744246
2023-07-19,3202770.6719623865,3190429.565770079,1856709.6285064442,2447634.7767973104
2023-07-20,3212518.14373457,3198684.8394460226,1865096.6641394997,2448877.88154775
2023-07-21,3252106.860541729,3255297.6119436105,1898802.7546120798,2450121.6176462304
2023-07-24,3263064.0624121786,3278977.50390716,1916571.8979024515,2451365.985413401
2023-07-25,3274192.2337945765,3287759.207731123,1927091.2307303513,2452610.9851700724
2023-07-26,3280702.88785132,3302275.2389649786,1935809.9570381602,2453856.6172372205
2023-07-27,3251169.5851981575,3269253.404350231,1895217.3363659338,2455102.881935983
2023-07-28,3264813.5817171256,3283606.7430516435,1898328.9107910034,2456349.7795876605
2023-07-31,3290399.447429544,3324894.2358355047,1926064.5691180187,2457597.3105137176
2023-08-01,3279636.6534561533,3325285.3413863275,1915087.187263078,2458845.4750357815
2023-08-02,3280342.544233684,3321335.8049671496,1908943.0123831185,2460094.2734756423
2023-08-03,3275273.735171432,3300466.8005627636,1904631.0336113218,2461300.629904527
2023-08-04,3269056.3489349857,3291813.8019182207,1887604.245640637,2462507.5778944134
2023-08-07,3257517.1050425037,3282376.774023999,1885582.5120040434,2463715.117735386
2023-08-08,3252878.2240598295,3271979.2562041758,1881002.0217336365,2464923.2497176696
2023-08-09,3235360.532623009,3260623.9029874187,1870245.7669951983,2466131.9741316335
2023-08-10,3241436.4008186907,3253685.1420700215,1869313.874147081,2467341.291267789
2023-08-11,3256158.029225403,3260508.530134511,1864812.3578468538,2468551.201416788
2023-08-14,3226158.39514073,3227797.3134311433,1844989.891331817,2469761.7048694273
2023-08-15,3214827.42138327,3202378.519714707,1834897.017942886,2470972.801916644
2023-08-16,3218494.3525890848,3201032.4374881038,1825751.832196108,2472184.49284952
2023-08-17,3192486.0058291145,3147978.8063408732,1816117.0078342177,2473396.7779592793
2023-08-18,3210225.0029708976,3175893.2866680673,1822861.3848875412,2474609.6575372866
2023-08-21,3182865.29828948,3151794.1459484235,1807382.486732373,2475823.1318750535
2023-08-22,3231265.8806333262,3200288.272187774,1834660.0960323478,2477037.2012642315
2023-08-23,3229139.2560702674,3221210.9183413074,1865917.9934293656,2478251.8659966155
2023-08-24,3211255.1000105003,3198203.1356299147,1848401.5668435683,2479467.126364145
2023-08-25,3173052.131412135,3153175.902684319,1829621.5567349002,2480682.9826589
2023-08-28,3184634.78310522,3160280.733569967,1849902.0722769776,2481899.4351731064
2023-08-29,3205489.5531812,3186326.771098067,1870166.7930250189,2483116.4841991323
2023-08-30,3188422.0419637337,3169062.7179997815,1856441.1170078341,2484334.1300294893
2023-08-31,3135598.7686317577,3098952.1842041453,1828121.051301491,2485552.372956832
2023-09-01,3178443.3281252305,3151227.8919262723,1862095.6532726814,2486771.2132739592
2023-09-04,3172160.7804219513,3138255.0329970424,1860263.4571645185,2487990.6512738126
2023-09-05,3148228.036631319,3106418.883402761,1853218.9790245136,2489210.6872494775
2023-09-06,3116055.7259497396,3060803.1728462866,1831959.1862522112,2490431.321494184
2023-09-08,3106932.5376167637,3053511.342433732,1821345.084660096,2491652.5543013057
2023-09-11,3147844.324705759,3099692.292400606,1846142.9112964368,2492874.3859643587
2023-09-12,3176414.736786208,3146540.0374057577,1863280.2628253729,2494096.8167770044
2023-09-13,3186416.383999614,3164076.1882830462,1866565.579984837,2495319.8470330476
2023-09-14,3191428.1286536786,3166164.7914230986,1885772.049532474,2496543.4770264374
2023-09-15,3171045.0574024566,3139027.6327958703,1875758.1501137225,2497767.707051267
2023-09-18,3161318.4495751956,3128406.232798717,1868334.5969168562,2498992.5374017735
2023-09-19,3148237.0820181225,3106121.379573634,1861353.2979529947,2500217.96837234
2023-09-20,3163886.7594696335,3121688.7432622057,1874763.0780894617,2501444.0002574907
2023-09-21,3119113.9432995506,3049991.855272599,1834486.353297953,2502626.657966372
2023-09-22,3106704.5887164013,3030069.7170499763,1832338.2613090726,2503809.8748239917
2023-09-25,3092028.145846455,3015121.4671133403,1831011.498610058,2504993.65109471
2023-09-26,3048036.412100675,2970245.3900134293,1803654.915339904,2506177.987043011
2023-09-27,3035260.158969007,2954133.8210389647,1805771.4177407126,2507362.882933504
2023-09-28,3075357.496091462,2992179.525199143,1827947.3085670962,2508548.339030926
2023-09-29,3099321.066060956,3021275.9332852974,1841120.166793025,2509734.355600136
2023-10-02,3063430.928660658,2971335.1554098167,1817301.6173869092,2510920.93290612
2023-10-03,3022456.802262853,2908647.2558053187,1791429.7447561284,2512108.071213988
2023-10-04,3047023.50639956,2931069.3360366267,1794399.166034875,2513295.7707889774
2023-10-05,3030539.1897516414,2902946.5865454394,1789297.4475612838,2514484.031896448
2023-10-06,3030339.421343939,2900479.29644313,1803291.6350770786,2515672.854801888
2023-10-09,3045369.5637116134,2931585.379736775,1818865.301996462,2516862.23977091
2023-10-10,3084512.9913529553,2989540.3056067093,1843836.8713671975,2518052.187069251
2023-10-11,3079883.2392488997,2979872.306047667,1848796.4366944656,2519242.696962775
2023-10-13,3033601.109735962,2920623.1689488706,1828310.5888299216,2520433.7697174717
2023-10-16,3051639.014304826,2932237.561439842,1840630.5281779126,2521625.405599456
2023-10-17,3022940.414016332,2891943.6654718295,1830742.987111448,2522817.6048749695
2023-10-18,2969864.1957665198,2841233.19522393,1801554.2077331312,2524010.367810378
2023-10-19,2979934.872045569,2838344.69936646,1800669.6992671215,2525203.6946721748
2023-10-20,2968965.539554734,2822009.349396833,1787259.9191306545,2526397.5857269783
2023-10-23,2992192.9579744297,2843786.1298407656,1781415.8453373767,2527592.041241534
2023-10-24,3005707.7189175817,2856143.0552192717,1796847.359110437,2528787.061482712
2023-10-25,2978457.6625893987,2814442.407566015,1782126.6110689917,2529982.6467175107
2023-10-26,3026757.6112099504,2870744.285858742,1812879.0750568612,2531178.7972130515
2023-10-27,2972750.2693195497,2809049.243519099,1789565.9590598939,2532375.5132365855
2023-10-30,2943995.956386145,2773840.6132649444,1777419.7624462978,2533572.795055488
2023-10-31,2953699.006146541,2793776.4723657556,1787086.1763962598,2534770.642937262
2023-11-01,2988764.421503631,2836004.0321210166,1817238.4382107658,2535969.0571495364
2023-11-03,3086209.6634203265,2955199.836426952,1866312.8632802628,2537123.252746516
2023-11-06,3081126.22734328,2947511.56658021,1871477.7609299975,2538277.973652539
2023-11-07,3127887.0093218177,3019392.5308431964,1883813.4950720242,2539433.2201066874
2023-11-08,3129995.66413097,3017394.0362006314,1881144.1748799596,2540588.992348154
2023-11-09,3115738.049049945,2996769.6640230683,1879770.0277988375,2541745.2906162417
2023-11-10,3159474.3110843785,3057195.8495914605,1905420.773313116,2542902.1151503604
2023-11-13,3159645.848403652,3047936.130572574,1901314.1268637858,2544059.4661900285
2023-11-14,3215426.879390529,3118782.9534351677,1947940.3588577204,2545217.3439748753
2023-11-16,3266127.24687565,3198761.268070382,1967652.261814506,2546375.7487446386
2023-11-17,3247834.259213131,3173080.702342836,1975328.5317159465,2547534.6807391644
2023-11-20,3260577.610560466,3196240.9920846103,1991644.5539550164,2548694.1401984086
2023-11-21,3236632.353269537,3154117.883328787,1983936.6944655043,2549854.127362437
2023-11-22,3245483.9310233877,3167588.443569763,1990696.8663128633,2551014.642471424
2023-11-23,3257832.6420563124,3191650.396493899,1999241.8498862775,2552175.6857656515
2023-11-24,3233072.1544207092,3145443.4155646833,1982910.0328531717,2553337.257485514
2023-11-27,3240305.6497117663,3155151.990507841,1985137.0988122316,2554499.3578715133
2023-11-28,3261528.2458970333,3174196.8245625906,1998641.6477129138,2555661.9871642613
2023-11-29,3255309.7402691143,3170572.181124799,1991739.3227192317,2556825.1456044787
2023-11-30,3282312.799602406,3205238.124878224,2011166.9193833712,2557988.8334329976
2023-12-01,3306912.419575077,3240899.124903317,2023360.500379075,2559153.0508907586
2023-12-04,3280137.4110575905,3199296.5572134177,2002827.2681324235,2560317.79821881
2023-12-05,3297258.017779042,3220680.4907271573,2004406.7475360122,2561483.0756583135
2023-12-06,3287599.3824197478,3205474.791799337,1984189.4111700784,2562648.883450538
2023-12-07,3303562.407362481,3229114.5784091814,1990301.996461966,2563815.2218368626
2023-12-08,3312388.8255413463,3232650.8404331384,2007423.5531968663,2564982.0910587776
2023-12-11,3308325.9835582348,3231510.925058913,2004612.0798584786,2566149.4913578806
2023-12-12,3304596.679141211,3234635.655178377,1996509.3505180692,2567317.4229758824
2023-12-13,3382447.757520696,3346052.00556732,2044873.0098559514,2568485.8861546014
2023-12-14,3406160.7797233947,3364394.8778780345,2066622.441243366,2569609.3161963476
2023-12-15,3388900.001983429,3320525.207367762,2056434.79909022,2570733.237615159
2023-12-18,3402810.2813689644,3330934.68245996,2070444.7814000505,2571857.6506259595
2023-12-19,3421981.9350868044,3348834.0721213436,2082559.3884255749,2572982.5554437675
2023-12-20,3406566.4069184805,3326591.3410781566,2066022.2390700025,2574107.952283693
2023-12-21,3432793.693668797,3351875.8091549566,2087787.4652514532,2575233.841360943
2023-12-22,3449608.055960329,3368839.956150953,2096806.2926459438,2576360.2228908157
2023-12-26,3457442.499905302,3380701.671225037,2109126.2319939346,2577487.097088706
2023-12-27,3477664.098928809,3407933.195350363,2119566.590851655,2578614.464170102
2023-12-28,3483543.764425354,3409176.0974497953,2119424.4377053324,2579742.324350586
2024-01-02,3431218.9803527566,3343446.506176066,2095921.7841799343,2580870.677845834
2024-01-03,3430042.0375743867,3342999.2567543145,2098085.6709628506,2581999.524871617
2024-01-04,3387104.214449353,3289664.1872398984,2072687.6421531462,2583128.865643801
2024-01-05,3411714.539098785,3316259.192075472,2085276.0929997473,2584258.7003783453
2024-01-08,3447837.771354247,3358180.4902569004,2091657.1897902451,2585389.029291304
2024-01-09,3434536.0623582723,3351875.2983938362,2076178.291635077,2586519.8525988255
2024-01-10,3424365.37489393,3342467.9193053846,2066606.6464493303,2587651.170517154
2024-01-11,3407433.8301499723,3324701.368803103,2063574.0459944403,2588782.983262627
2024-01-12,3418170.3523845985,3345417.511630742,2068928.4811726054,2589915.2910516765
2024-01-15,3426902.390983865,3358798.7242493313,2077347.1063937326,2591048.0941008297
2024-01-16,3384482.268423657,3298242.706196526,2042172.100075815,2592181.3926267084
2024-01-17,3380615.858971753,3285367.315222357,2030010.108668183,2593315.18684603
2024-01-18,3350678.528011155,3238710.9022734067,2010929.997472833,2594449.476975605
2024-01-19,3370365.8199356813,3262291.1331826407,2015984.3315643163,2595584.263232339
2024-01-22,3342937.583565089,3222205.934380047,1999652.5145312105,2596719.5458332347
2024-01-23,3375430.4449295276,3268787.714754275,2025887.6674248169,2597855.324995387
2024-01-24,3367913.7957100943,3265373.792413884,2018827.394490776,2598991.6009359867
2024-01-25,3374988.9964284687,3279894.567675346,2024402.9567854435,2600128.37387232
2024-01-26,3379549.572474784,3273989.981074622,2037007.2024260804,2601265.644021768
2024-01-29,3366728.4127224977,3260474.6915874463,2029678.4179934293,2602403.411601807
2024-01-30,3337999.365348959,3218881.4481930817,2012288.349759919,2603541.676830008
2024-01-31,3362666.071375373,3247826.027758239,2017816.5276724792,2604680.439924037
2024-02-01,3368670.15418363,3265159.670620509,2029330.9325246399,2605773.2856962155
2024-02-02,3349269.2973642554,3231011.399967923,2008813.4950720242,2606866.5899936953
2024-02-05,3346979.0259352773,3227379.7541681235,2015305.1554207732,2607960.3530088593
2024-02-06,3395863.690792854,3291156.2628216553,2059893.8589840787,2609054.5749341715
2024-02-07,3403437.0484069376,3306870.9772101142,2047131.6654030832,2610149.2559621767
2024-02-08,3363347.9946453283,3254690.140802697,2025161.106899166,2611244.3962855004
2024-02-09,3360276.559310711,3253292.274287916,2022144.301238312,2612339.9960968504
2024-02-14,3334822.4213985503,3217751.9764518915,2006223.148850139,2613436.0555890123
2024-02-15,3349126.393066391,3239766.356218481,2018637.8569623453,2614532.5749548557
2024-02-16,3364534.2130436464,3254011.1923939004,2033200.6570634318,2615629.5543873296
2024-02-19,3368684.4031813247,3264840.284264316,2038097.0432145565,2616726.994079464
2024-02-20,3405194.3621759103,3302982.9048102605,2051996.461966136,2617824.89422437
2024-02-21,3406721.9052425874,3302632.0147292214,2053828.6580742986,2618923.25501524
2024-02-22,3421697.068847866,3327338.6619109735,2057129.7700277988,2620022.076645347
2024-02-23,3396195.22511294,3304717.275990513,2044146.4493303008,2621121.359308045
2024-02-26,3395737.423365084,3306693.6316890437,2047147.460197119,2622221.10319677
2024-02-27,3448573.5796351735,3363871.9251295067,2080000.6317917614,2623321.3085050383
2024-02-28,3438344.3029353996,3342568.34057223,2055771.4177407126,2624421.9754264476
2024-02-29,3428138.2725226497,3327625.5083759897,2037844.3265099823,2625523.104154677
2024-03-01,3436006.4229056686,3342910.5798146604,2040371.493555724,2626624.6948834877
2024-03-04,3413101.0579090593,3314998.718719866,2027119.6613596159,2627726.74780672
2024-03-05,3413003.006624666,3318099.0225936524,2023281.5264088956,2628829.2631182973
2024-03-06,3419967.6846227082,3319330.229108353,2035791.0032853172,2629932.241012224
2024-03-07,3426360.300277076,3330341.7093220665,2027103.86656558,2631035.6816825857
2024-03-08,3437288.8376577464,3326895.5226171273,2007060.272934041,2632139.5853235493
2024-03-11,3423348.832266986,3305026.999286862,1992102.602982057,2633243.9521293635
2024-03-12,3451378.6243685754,3340152.191670712,2016489.7649734647,2634348.7822943586
2024-03-13,3465371.864219263,3358322.508189481,2021828.4053575941,2635454.0760129457
2024-03-14,3459978.128136076,3352985.8472809764,2016837.2504422541,2636559.833479619
2024-03-15,3435460.4755420657,3321338.167040768,2001863.7856962346,2637666.0548889516
2024-03-18,3431467.435288271,3318753.7045394415,2005212.2820318423,2638772.740435602
2024-03-19,3444819.368794728,3331872.2323096683,2014294.2886024767,2639879.8903143066
2024-03-20,3487687.2559248237,3384671.7611368815,2039502.7798837502,2640987.504719886
2024-03-21,3473486.0934195924,3363467.601236213,2024245.0088450846,2642048.3365807817
2024-03-22,3439536.452426263,3318694.2825363455,2006365.301996462,2643109.5945566194
2024-03-25,3431549.1492454694,3306459.621849659,2004849.001769017,2644171.2788185608
2024-03-26,3436730.860057004,3296669.984385231,2003774.9557745766,2645233.389537837
2024-03-27,3464110.3165822793,3323219.7731853817,2016853.0452362902,2646295.926885746
2024-03-28,3480223.075110032,3338346.6984391585,2023407.8847611828,2647358.8910336574
2024-04-01,3455455.940736156,3300813.810575433,2005780.8946171342,2648422.2821530076
2024-04-02,3458933.2808805294,3298883.2781847348,2014610.1844831943,2649486.1004153024
2024-04-03,3448459.9154884666,3286696.155148171,2010961.5870609048,2650550.3459921177
2024-04-04,3452471.173597545,3308488.866758663,2012699.0144048522,2651615.0190550955
2024-04-05,3438941.0469844462,3287937.2241116203,2002700.9097801365,2652680.11977595
2024-04-08,3471404.643882189,3331200.6789792506,2035269.775082133,2653745.648326461
2024-04-09,3494250.7749413243,3364124.336425647,2051585.797321203,2654811.604878481
2024-04-10,3440589.6355527723,3298524.8096308275,2022586.5554713167,2655877.9896039288
2024-04-11,3436946.238400367,3277665.552216816,2012193.5809957038,2656944.8026747922
2024-04-12,3386637.7758527175,3219432.8871003552,1989291.1296436694,2658012.0442631305
2024-04-15,3346593.577901095,3164163.5510644615,1979624.7156937073,2659079.7145410706
2024-04-16,3323951.7068537055,3140775.140846727,1964698.6353297953,2660147.813680807
2024-04-17,3317109.450775519,3121955.3680340797,1961255.3702299723,2661216.3418546068
2024-04-18,3314025.846654243,3120582.690784826,1961650.2400808693,2662285.299234803
2024-04-19,3328084.22303905,3142644.184301361,1976307.8089461713,2663354.685993799
2024-04-22,3332437.1117228786,3145215.8023403944,1983399.671468284,2664424.5023040688
2024-04-23,3319986.64484641,3125932.8949868456,1976686.8840030327,2665494.748338154
2024-04-24,3307540.9121297165,3109937.9532444514,1970258.402830427,2666565.4242686667
2024-04-25,3293307.331891857,3097183.9796991246,1968757.897397018,2667636.5302682864
2024-04-26,3339529.8662680453,3157439.3877749164,1998452.1101844832,2668708.0665097646
2024-04-29,3353277.9174803416,3171839.1633588686,2011498.6100581249,2669780.0331659205
2024-04-30,3317107.4890039056,3118733.5502863163,1988943.6441748799,2670852.4304096424
2024-05-02,3354127.690478903,3166024.909145165,2007865.807429871,2671925.2584138894
2024-05-03,3409961.3595379675,3239789.3257668647,2029773.1867576446,2672998.5173516893
2024-05-06,3397167.0645356327,3223889.130367413,2029094.0106141015,2674072.207396139
2024-05-07,3399909.3442864455,3229370.6753967553,2040845.3373768006,2675146.328720405
2024-05-08,3411969.600122244,3242408.002613321,2045125.7265605256,2676220.8814977263
2024-05-09,3374997.6041908725,3197859.049888086,2024703.0578721254,2677271.83343789
2024-05-10,3346360.1397807356,3154944.671961661,2015415.7189790246,2678323.1980868806
2024-05-13,3354371.211123729,3167042.928632053,2024181.8296689412,2679374.975606769
2024-05-14,3365901.37634199,3185419.900760472,2029867.95552186,2680427.1661596894
2024-05-15,3393566.373674541,3214995.756657775,2022175.8908263836,2681479.7699078396
2024-05-16,3399684.988695895,3225801.901794622,2026219.3580995705,2682532.787013483
2024-05-17,3399716.722036368,3216483.0353355263,2024118.6504927976,2683586.2176389424
2024-05-20,3409721.581880246,3219221.546111607,2017800.7328784433,2684640.0619466095
2024-05-21,3402876.193284099,3208922.5172017375,2012446.297700278,2685694.3200989356
2024-05-22,3352132.649419376,3135712.4185686843,1984615.8706090474,2686748.992258438
2024-05-23,3336814.7079227706,3115338.345925179,1970068.8653019965,2687804.0785876974
2024-05-24,3332653.19871361,3094560.9256206667,1963387.6674248169,2688859.5792493587
2024-05-27,3337828.130197378,3096736.9288252117,1966388.6782916351,2689915.4944061292
2024-05-28,3321902.6819390706,3070821.9928218415,1955079.6057619408,2690971.8242207826
2024-05-29,3305849.1686834064,3046734.006742019,1938131.7917614353,2692028.568856154
2024-05-31,3275943.3073086706,3013077.0436543413,1928512.762193581,2693085.7284751437
2024-06-03,3289221.603734136,3029029.6386153637,1927470.3057872124,2694143.3032407155
2024-06-04,3277481.049715689,3008256.2381318524,1923837.5031589589,2695201.2933158977
2024-06-05,3274757.910305753,3015747.408639339,1917598.559514784,2696259.698863783
2024-06-06,3308676.196598055,3057902.086810001,1941164.3922163255,2697318.5200475263
2024-06-07,3271225.3773693983,3003822.2500096424,1907489.891331817,2698377.7570303488
2024-06-10,3253788.142944391,2984055.0043333815,1907379.327773566,2699437.4099755343
2024-06-11,3277710.184394254,3021056.554875942,1921199.772554966,2700497.4790464314
2024-06-12,3247729.3026705375,2976768.244709947,1894364.417487996,2701557.964406452
2024-06-13,3241569.727120699,2967622.309567804,1888551.93328279,2702618.866219075
2024-06-14,3245055.351597874,2978099.5681233066,1890036.6439221632,2703680.184647839
2024-06-17,3231104.5463159014,2953219.9561809124,1881760.171847359,2704741.9198563495
2024-06-18,3232419.6390072033,2954751.9846591004,1889531.2105130148,2705804.072008277
2024-06-19,3244853.245729505,2970269.412804143,1899497.7255496588,2706866.6412673546
2024-06-20,3241400.0038953717,2963641.8909315597,1902419.7624462978,2707929.62779738
2024-06-21,3266395.291969735,2998151.1092218547,1916556.1031084154,2708993.0317622162
2024-06-24,3301529.389175448,3049142.8181227725,1937026.1561789233,2710056.8533257884
2024-06-25,3296865.7405167166,3042083.2080022376,1932192.9492039424,2711121.0926520894
2024-06-26,3287230.238239323,3035557.9899605527,1937089.335355067,2712185.7499051737
2024-06-27,3322005.202202743,3085780.733950385,1963419.2570128886,2713250.825249161
2024-06-28,3294049.3713278463,3058864.675772689,1957085.5446044984,2714316.318848236
2024-07-01,3296203.7048816704,3077137.1342146774,1969895.1225676017,2715382.230866647
2024-07-02,3296628.1411983334,3078667.632466624,1970984.963356078,2716448.561468708
2024-07-03,3334683.8644751823,3120043.1659180145,1984805.408137478,2717515.3108187965
2024-07-04,3375846.27995513,3170415.7458962393,1992734.3947434926,2718582.4790813546
2024-07-05,3375367.4896038235,3174319.7819426493,1994361.2585291888,2719650.0664208895
2024-07-08,3362688.3712393716,3166490.298980404,1998799.5956532727,2720718.073001973
2024-07-09,3376464.8595039723,3189970.188111439,2007644.6803133688,2721786.4989892407
2024-07-10,3386562.120997237,3194207.6624473543,2009382.1076573161,2722855.3445473933
2024-07-11,3409902.7187547847,3232341.51196023,2026377.3060399292,2723924.609841197
2024-07-12,3406861.3997296127,3238455.850035505,2035901.5668435683,2724994.2950354815
2024-07-15,3414818.588509117,3252107.2560741645,2042598.559514784,2726064.4002951416
2024-07-16,3418245.016118281,3246587.630278124,2039265.8579732121,2727134.925785137
2024-07-17,3422403.1752041467,3253947.2879296383,2044636.087945413,2728205.871670493
2024-07-18,3371349.762132327,3190155.3183352626,2016237.0482688905,2729277.2381162974
2024-07-19,3362202.1773888776,3181455.9269979177,2015668.4356835987,2730349.025287706
2024-07-22,3380914.941893492,3202750.8200442144,2019522.3654283548,2731421.233349936
2024-07-23,3347705.0160232857,3163253.445570659,1999462.97700278,2732493.8624682724
2024-07-24,3327661.3452542587,3145138.192220156,1996825.246398787,2733566.9128080634
2024-07-25,3316257.1341951084,3128118.0042079715,1989417.4879959566,2734640.384534723
2024-07-26,3340021.862120023,3168411.9663785477,2013709.881223149,2735714.277813729
2024-07-29,3326964.102767991,3144729.311480429,2005212.2820318423,2736788.5928106266
2024-07-30,3318743.6247831527,3135380.4074465125,1992339.5248925954,2737863.329691023
2024-07-31,3334231.2619777652,3181372.6694162562,2016237.0482688905,2738938.4886205923
2024-08-01,3327922.758136346,3187117.818444688,2012177.786201668,2740014.0697650732
2024-08-02,3334973.265689007,3174101.1556888307,1987838.0085923679,2741090.0732902703
2024-08-05,3320499.9467316275,3150130.452891329,1978613.8488754106,2742166.4993620506
2024-08-06,3331193.6179896654,3155948.3794873566,1994361.2585291888,2743243.34814635
2024-08-07,3383062.5961734885,3226040.5587308966,2014057.3666919384,2744320.6198091675
2024-08-08,3395300.6113571925,3258740.4282855014,2032173.9954510992,2745398.3145165658
2024-08-09,3439498.3645628784,3321120.745069296,2063037.02299722,2746476.4324346767
2024-08-12,3449980.6108536157,3326242.9527793247,2070950.2148091989,2747554.9737296933
2024-08-13,3473336.1892634872,3363093.3869733335,2091199.1407632045,2748633.9385678764
2024-08-14,3479029.7979872613,3376366.928820959,2105730.3512762194,2749713.3271155525
2024-08-15,3490078.866277339,3391751.7775608157,2118919.004296184,2750793.13953911
2024-08-16,3473031.218863727,3376336.240781132,2115760.0454890067,2751873.3760050074
2024-08-19,3530071.3958303006,3436618.1866443497,2144585.5446044984,2752954.0366797643
2024-08-20,3534021.9340058966,3447012.159456354,2149466.135961587,2754035.121729968
2024-08-21,3540310.5498179137,3453907.4924514657,2155420.773313116,2755116.631322271
2024-08-22,3496102.1128834276,3402493.06286229,2135029.6942127873,2756198.5656233914
2024-08-23,3540564.1170097645,3451566.2613348733,2141900.4296183977,2757280.9248001114
2024-08-26,3533030.7069109366,3445236.8595253993,2162133.5607783673,2758363.7090192805
2024-08-27,3536795.0275771245,3446189.2135373997,2160348.749052312,2759446.918447812
2024-08-28,3533559.328654323,3448447.7238280796,2169320.1920646955,2760530.553252686
2024-08-29,3501801.172437249,3405645.383339085,2148739.5754359365,2761614.6136009484
2024-08-30,3503299.3159472905,3407305.4034281485,2148155.1680566086,2762699.0996597093
2024-09-02,3497814.0753448685,3391901.310789834,2131997.0937578976,2763784.0115961456
2024-09-03,3496637.3066953477,3384762.423190401,2122077.963103361,2764869.349577499
2024-09-04,3535162.7958454834,3437432.1511390735,2149845.211018448,2765955.1137710777
2024-09-05,3548307.976321676,3449704.336580568,2156020.9754864797,2767041.3043442555
2024-09-06,3518888.6223962056,3404621.220119227,2125537.02299722,2768127.921464471
2024-09-09,3511045.902434023,3389816.065083747,2128143.1640131413,2769214.9652992305
2024-09-10,3511341.5538976165,3391397.611008626,2121556.734900177,2770302.4360161033
2024-09-11,3521457.566104712,3396308.938748085,2127195.476370988,2771390.3337827264
2024-09-12,3506667.1562524005,3375948.265172106,2116960.449835734,2772478.6587668024
2024-09-13,3544435.3911675434,3420852.87824879,2130433.409148345,2773567.4111361
2024-09-16,3549341.776347216,3426628.347831672,2134160.980540814,2774656.591058453
2024-09-17,3546322.910918559,3427781.7340657287,2131665.4030831438,2775746.198701761
2024-09-18,3532997.55468816,3408661.7324151183,2112522.1127116503,2776836.2342339912
2024-09-19,3507801.160993762,3379839.260044782,2102650.3664392214,2777951.6338125584
2024-09-20,3455342.6018801588,3307708.8789122314,2070144.6803133688,2779067.4814248276
2024-09-23,3434753.2649532133,3283548.07842232,2062294.6676775336,2780183.7772507668
2024-09-24,3455674.8678229605,3309622.5214421717,2087376.8006065201,2781300.5214704126
2024-09-25,3439383.736069306,3284852.6688272986,2078373.7680060652,2782417.7142638764
2024-09-26,3471467.920919905,3306298.9426699625,2100865.5547131663,2783535.355811342
2024-09-27,3472462.50770169,3301834.1778808706,2096443.0123831185,2784653.4462930644
2024-09-30,3458715.31537744,3276735.3780476335,2082006.570634319,2785771.9858893715
2024-10-01,3462477.726163455,3292505.914127517,2092731.2357846855,2786890.9747806634
2024-10-02,3491208.715110414,3315643.42125859,2108841.925701289,2788010.4131474127
2024-10-03,3449057.6387849497,3262879.4601808954,2079732.1202931514,2789130.3011701657
2024-10-04,3456536.500614626,3264375.9379215636,2081627.4955774576,2790250.6390295397
2024-10-07,3452962.7227818924,3253698.7335716523,2085197.1190295678,2791371.426906225
2024-10-08,3459768.546278425,3266033.2135662064,2077204.9532474095,2792492.6649809843
2024-10-09,3421873.5818436975,3222693.9170132335,2052723.0224917866,2793614.353434654
2024-10-10,3425973.138135738,3228326.1698968173,2058898.786959818,2794736.4924481413
2024-10-11,3420376.990326156,3219812.2849941636,2053196.8663128633,2795859.082202428
2024-10-14,3448114.333385598,3261256.952450581,2069196.9926712157,2796982.122878567
2024-10-15,3450023.7163542304,3267848.314504779,2069797.1948445793,2798105.6146576847
2024-10-16,3464033.5163071686,3290315.4496970307,2080964.1142279506,2799229.55772098
2024-10-17,3451428.469786861,3272787.514250594,2065848.4963356077,2800353.952249726
2024-10-18,3444393.9429341443,3259765.3932303265,2061204.8268890574,2801478.7984252647
2024-10-21,3445675.003010396,3266669.7255876088,2059040.940106141,2802604.096429016
2024-10-22,3436122.17257251,3250662.3955524988,2048916.4771291383,2803729.8464424694
2024-10-23,3433860.8907872597,3237549.2532896376,2041208.617639626,2804856.048647188
2024-10-24,3458882.2350393343,3271016.6438617734,2054381.4758655548,2805982.7032248084
2024-10-25,3445605.982692348,3252307.299873736,2051633.1817033107,2807109.81035704
2024-10-28,3461997.77807606,3276047.147621886,2072482.3098306798,2808237.3702256633
2024-10-29,3448068.221751118,3265964.3247086788,2064853.424311347,2809365.3830125355
2024-10-30,3472529.3532439684,3283513.1061846027,2063416.0980540814,2810493.8488995843
2024-10-31,3454416.590322342,3262974.048737505,2048790.118776851,2811622.76806881
2024-11-01,3421663.636934457,3212872.469351814,2023644.806671721,2812752.140702288
2024-11-04,3480139.2534339996,3295625.2404333884,2061457.5435936316,2813881.9669821644
2024-11-05,3490614.1600605,3300025.585956386,2063763.583522871,2815012.247090662
2024-11-06,3490394.964764119,3295046.0035848087,2058709.2494313875,2816142.9812100735
2024-11-07,3452557.1736337366,3245175.64924457,2048300.4801617386,2817324.5503207
2024-11-08,3420236.197087544,3211001.005960908,2019048.5216072781,2818506.615182278
2024-11-11,3432473.237621544,3230557.020570184,2019743.4925448573,2819689.1760028102
2024-11-12,3427022.2990495674,3226839.027509726,2016963.6087945413,2820872.232990386
2024-11-13,3416350.1900329017,3217167.9951842735,2017532.2213798333,2822055.786353182
2024-11-14,3403239.23960955,3212878.6240220643,2018448.3194339145,2823239.8362994622
2024-11-18,3398788.8573275963,3208024.0166801936,2018069.2443770533,2824424.3830375783
2024-11-19,3412876.388207991,3223026.3737053485,2024845.2110184482,2825609.4267759696
2024-11-21,3379959.5036810953,3185413.2473009117,2004706.848622694,2826794.9677231624
2024-11-22,3420470.9792765,3242277.7686514156,2039518.574677786,2827981.0060877698
2024-11-25,3432288.8187763453,3250138.4809641284,2038097.0432145565,2829167.542078494
2024-11-26,3461354.664720873,3298065.0813021413,2052091.2307303513,2830354.575904124
2024-11-27,3399490.248147547,3208276.9912870843,2016505.5597675007,2831542.107773536
2024-11-28,3304273.230507036,3098145.5679944204,1968189.284811726,2832730.137895695
2024-11-29,3328767.3927796767,3128934.732126807,1984900.1769016932,2833918.666479652
2024-12-02,3312240.0440791864,3105873.5229722173,1978076.8258781906,2835107.6937345467
2024-12-03,3328459.528159908,3131309.044916,1992339.5248925954,2836297.2198696067
2024-12-04,3334397.8659149935,3134911.2565708677,1991518.1956027295,2837487.2450941475
2024-12-05,3361299.123634175,3174039.4795560725,2019490.7758402831,2838677.769617572
2024-12-06,3315375.6403829684,3127970.0501594394,1989291.1296436694,2839868.7936493703
2024-12-09,3321186.3382961107,3133785.1157150334,2009255.7493050292,2841060.317399122
2024-12-10,3351154.700845138,3173166.564488387,2025334.8496335607,2842252.341076493
2024-12-11,3385320.795977649,3230387.0985907586,2046894.7434925449,2843444.8648912385
2024-12-12,3311012.6497462024,3128187.320009043,1990807.4298711144,2844739.0019525965
2024-12-13,3276005.102345052,3086727.023955143,1968220.8743997978,2846033.7280145553
2024-12-16,3258774.618682735,3052218.7250003647,1951604.751074046,2847329.0433451864
2024-12-17,3269623.9330172203,3070318.767353809,1969579.226686884,2848624.948212684
2024-12-18,3186202.980976652,2962576.56310161,1907568.8653019965,2849921.4428853644
2024-12-19,3214995.5325252544,2994894.6088396194,1914139.499620925,2851218.5276316646
2024-12-20,3244166.766685798,3021994.1218031016,1928575.9413697245,2852516.2027201457
2024-12-23,3197364.4969901703,2964622.003538014,1907489.891331817,2853814.4684194895
2024-12-26,3194276.827641864,2961271.488414669,1912402.0722769776,2855113.3249985008
2024-12-27,3178999.958695785,2940285.099726073,1899624.083901946,2856412.7727261074
2024-12-30,3178853.778188778,2934773.7779176985,1899845.2110184482,2857712.8118713577
2025-01-02,3156356.26410336,2919238.7253672024,1897349.6335607783,2859013.442703425
2025-01-03,3124086.7262269324,2877350.550049683,1872204.3214556482,2860314.6654916024
2025-01-06,3177090.136309269,2934569.977979695,1895722.7697750821,2861616.4805053077
2025-01-07,3201931.970744172,2967280.6164484094,1913744.6297700277,2862918.8880140795
2025-01-08,3164862.3784723748,2920946.3224136084,1889452.2365428354,2864221.888287582
2025-01-09,3171618.4930657763,2932257.592812662,1891916.2244124336,2865525.4815955977
2025-01-10,3154183.959372224,2908271.4462409904,1877306.0399292393,2866829.6682080366
2025-01-13,3156693.1526368274,2908514.070210558,1879691.053828658,2868134.448394928
2025-01-14,3170443.1429684116,2917899.1029098374,1884303.1336871367,2869439.8224264258
2025-01-15,3248717.8369938456,3014839.275141697,1937231.48850139,2870745.7905728063
2025-01-16,3212406.5632542544,2962402.059929532,1914866.0601465758,2872052.35310447
2025-01-17,3227887.2194342134,2990352.656162521,1932493.0502906241,2873359.510291938
2025-01-20,3239831.516986372,3006037.6176539436,1935541.4455395502,2874667.262405857
2025-01-21,3261949.395638039,3030162.5927162007,1948098.3067980793,2875975.6097169956
2025-01-22,3273578.404381445,3045310.3817242477,1942317.412180945,2877284.5524962456
2025-01-23,3261876.8204122013,3031281.7503798855,1934593.757897397,2878594.091014623
2025-01-24,3266395.934960849,3040299.3019356066,1934025.145312105,2879904.2255432666
2025-01-27,3335462.402996603,3101556.3589454093,1972169.5729087694,2881214.956353438
2025-01-28,3320606.9303560564,3086321.755234222,1959438.9689158453,2882526.2837165236
2025-01-29,3312495.7204358615,3067451.4223317676,1949583.0174374527,2883838.207904031
2025-01-30,3384072.25993179,3162092.4684491036,2004564.695476371,2885252.355646041
2025-01-31,3368986.7884195945,3140556.244757645,1992276.3457164518,2886667.196843679
2025-02-03,3371860.1851537935,3137621.8503871365,1989670.2047005307,2888082.731836996
2025-02-04,3357554.5562995276,3121778.5397273107,1976671.0892089966,2889498.9609662066
2025-02-05,3354318.2915448747,3119364.1920992252,1982783.6745008845,2890915.884571696
2025-02-06,3382226.1113814022,3146407.4708753885,1993697.8771796816,2892333.502994014
2025-02-07,3343001.5103535256,3097479.3357228236,1968331.4379580491,2893751.8165738774
2025-02-10,3362321.1636834214,3117809.8696846743,1983383.8766742481,2895170.8256521705
2025-02-11,3391624.837383845,3149215.048010423,1998388.9310083396,2896590.530569946
2025-02-12,3342006.3481047302,3097267.131289306,1964556.4821834723,2898010.9316684217
2025-02-13,3348151.0539389835,3105644.1765598455,1971980.0353803386,2899432.0292889844
2025-02-14,3426624.8646116606,3196743.4970665295,2025192.6964872377,2900853.823773187
2025-02-17,3449405.042919774,3217157.185839605,2035459.3126105636,2902276.315462751
2025-02-18,3442065.5834217183,3202380.6409580023,2030136.46702047,2903699.504699565
2025-02-19,3396852.1055429163,3157873.913187787,2010819.4339145818,2905123.3918256843
2025-02-20,3391382.706930546,3153205.502112343,2015431.5137730604,2906547.977183334
2025-02-21,3385745.117352456,3150575.124457881,2007960.5761940863,2907973.261114906
2025-02-24,3334987.1773647466,3086133.9435275076,1980682.9668941116,2909399.243962959
2025-02-25,3344748.1267827707,3105274.3809833364,1989828.1526408896,2910825.9260702212
2025-02-26,3318410.357962097,3059509.3744239425,1970700.6570634318,2912253.3077795887
2025-02-27,3331064.9361558836,3086240.627300091,1971174.5008845085,2913681.3894341243
2025-02-28,3282530.7429317455,3033230.5426906375,1939584.9128127368,2915110.171377062
2025-03-05,3299297.8596222424,3050462.9633960645,1943502.0217336365,2916539.6539518
2025-03-06,3315089.6194681213,3059735.7274342217,1948414.202678797,2917969.8375019087
2025-03-07,3357520.445031839,3117220.421058248,1974902.0722769776,2919400.7223711247
2025-03-10,3341133.658599188,3104449.1044219243,1966751.9585544604,2920832.308903354
2025-03-11,3318328.6389081604,3073157.8645213596,1950767.6269901441,2922264.597442671
2025-03-12,3336547.116415487,3098875.3591437745,1956406.3684609553,2923697.5883333194
2025-03-13,3359465.2626062743,3123555.306583355,1984410.5382865807,2925131.2819197103
2025-03-14,3419284.3631262463,3210331.662637662,2036849.2544857215,2926565.6785464254
2025-03-17,3456328.945103729,3254012.010805935,2066496.0828910791,2928000.778558214
2025-03-18,3463577.1366270566,3260658.978969055,2076620.545868082,2929436.5822999966
2025-03-19,3497649.618593461,3306430.621963822,2092936.568107152,2930873.0901168594
2025-03-20,3483856.497429779,3286732.5058968645,2084202.0470053072,2932412.707059828
2025-03-21,3483467.216562268,3288832.577966157,2090362.0166793026,2933953.132778974
2025-03-24,3460749.7321910015,3257345.0386418006,2074188.1475865555,2935494.367699154
2025-03-25,3487110.6887776246,3281508.2199174776,2085986.858731362,2937036.41224545
2025-03-26,3504413.557794648,3300075.0537100867,2093126.1056355825,2938579.2668431667
2025-03-27,3516349.617693636,3313973.482386312,2103061.0310841547,2940122.9319178322
2025-03-28,3496009.044611694,3284465.603686312,2083364.9229214052,2941667.4078951976
2025-03-31,3452621.3530504275,3232532.575261403,2057429.8711144808,2943212.695201239
2025-04-01,3482489.962171696,3266184.3242206452,2071439.8534243114,2944758.7942621554
2025-04-02,3498154.523564147,3285210.963599796,2072119.0295678545,2946305.705504369
2025-04-03,3528146.2283624937,3314062.6538188388,2071345.084660096,2947853.429354528
2025-04-04,3452561.609272389,3214389.025417946,2009982.3098306798,2949401.9662395017
2025-04-07,3424322.721145628,3178434.2103655003,1983636.5933788223,2950951.3165863873
2025-04-08,3411456.932616152,3153203.739352342,1957480.4144553954,2952501.4808225026
2025-04-09,3477416.557808117,3249213.0359899146,2018511.498610058,2954052.4593753936
2025-04-10,3453861.8764311243,3219884.2897969233,1995751.2004043467,2955604.2526728287
2025-04-11,3487605.2174087106,3261485.016578599,2016710.8920899672,2957156.8611428
2025-04-14,3528250.8748916937,3314889.563275565,2044699.2671215567,2958710.2852135273
2025-04-15,3541818.305131127,3325083.605531454,2041398.1551680567,2960264.5253134524
2025-04-16,3527585.1671443423,3301843.3225778104,2026740.5863027547,2961819.581871245
2025-04-17,3556586.6093134703,3341105.1365908408,2047795.0467525905,2963375.4553157976
2025-04-22,3580063.9409362343,3358534.2017288245,2060652.0090978013,2964932.14607623
2025-04-23,3615034.8757167333,3390260.7933144937,2088324.4882486733,2966489.6545818853
2025-04-24,3676589.6012670235,3479684.065400042,2125663.3813495073,2968047.981262333
2025-04-25,3677780.5764189893,3490133.4896801077,2128174.753601213,2969607.126547371
2025-04-28,3685448.9342269204,3489491.7191350954,2132549.9115491533,2971167.090867017
2025-04-29,3679140.6367151514,3483214.074748111,2133766.1106899166,2972727.87465152
2025-04-30,3708459.5567525006,3488875.232366416,2133355.4460449833,2974289.4783313535
2025-05-02,3705744.523334559,3501166.2972680395,2134413.697245388,2975851.902337216
2025-05-05,3686308.3517559604,3457587.816791282,2108462.850644428,2977415.147100033
2025-05-06,3682676.16930444,3459125.783470887,2108857.7204953246,2978979.2130509554
2025-05-07,3683328.9645110522,3454608.9251199253,2106993.93479909,2980544.100621363
2025-05-08,3758551.3526250347,3540649.2482121605,2151756.3810967905,2982161.5226830062
2025-05-09,3759780.8115637195,3533404.826636795,2156178.9234268386,2983779.822454906
2025-05-12,3743117.7953445157,3521355.6703417855,2156984.4579226687,2985399.000413359
2025-05-13,3791738.660296753,3586978.6551219234,2194891.9636087944,2987019.0570349237
2025-05-14,3791647.3674546643,3582680.264588309,2186362.774829416,2988639.9927964145
2025-05-15,3819323.4322079425,3616034.2907254156,2200751.832196108,2990261.8081749054
2025-05-16,3816791.967913403,3640333.1330121285,2198429.997472833,2991884.5036477293
2025-05-19,3824248.7334236773,3644667.2608534475,2205521.8599949456,2993508.079692479
2025-05-20,3837240.5598150697,3657706.2232504413,2213008.5923679555,2995132.536787005
2025-05-21,3777301.7777530067,3582792.553658422,2177801.996461966,2996757.875409418
2025-05-22,3780501.961012649,3580318.842750083,2168198.7616881477,2998384.0960380877
2025-05-23,3792073.728989367,3597876.988866441,2176901.6932019205,3000011.1991516436
2025-05-26,3806371.7563022333,3608642.493471623,2181829.668941117,3001639.1852289755
2025-05-27,3846314.6603598446,3664196.342596603,2204021.3545615366,3003268.054749232
2025-05-28,3838753.1999496715,3652422.739175363,2193707.354056103,3004897.8081918224
2025-05-29,3830870.49569262,3641539.0552632576,2188115.9969673995,3006528.4460364156
2025-05-30,3817821.13953808,3611156.349712868,2164313.2423553197,3008159.9687629417
2025-06-02,3810704.1187168714,3598946.98469534,2160522.491786707,3009792.3768515913
2025-06-03,3840284.1340143047,3643345.6186481426,2172510.7404599446,3011425.670782814
2025-06-04,3834119.2973240414,3636027.1811430333,2163918.3725044224,3013059.8510373207
2025-06-05,3822252.2463533473,3619610.137412149,2151819.560272934,3014694.9180960846
2025-06-06,3804494.999075989,3596243.569985535,2149703.0578721254,3016330.8724403386
2025-06-09,3802301.7298294716,3590249.967043743,2143337.7558756634,3017967.714551577
2025-06-10,3816160.9744525203,3610713.7720296658,2154978.5190801113,3019605.444911556
2025-06-11,3821756.8063331894,3620531.219309153,2165908.516552944,3021244.0640022918
2025-06-12,3829601.160099797,3635680.552542484,2176522.6181450593,3022883.572306063
2025-06-13,3808776.278413493,3600773.315929714,2167251.0740459943,3024523.97030541
2025-06-16,3853478.429758876,3655135.554280037,2199519.838261309,3026165.2584831365
2025-06-17,3843735.471076346,3646663.7489361446,2192949.2039423804,3027807.437322305
2025-06-18,3841085.6653145435,3645893.6865026546,2191006.444275967,3029450.5073062424
2025-06-20,3806129.467151096,3600279.3908435893,2165718.9790245136,3031120.6736654257
2025-06-23,3799703.1095474074,3592337.4087805306,2156794.920394238,3032791.7608040245
2025-06-24,3829794.585440213,3619916.2037916505,2166492.923932272,3034463.7692296733
2025-06-25,3808647.2115707756,3596380.520286792,2144411.8018701035,3036136.699450288
2025-06-26,3828073.7506299242,3630568.380876634,2165687.389436442,3037810.551974062
2025-06-27,3826226.2852713135,3621190.7516959338,2161770.2805155423,3039485.327309471
2025-06-30,3864334.956678701,3682535.525004761,2193186.1258529187,3041161.0259652706
2025-07-01,3871575.390711417,3697761.298428201,2204147.712913824,3042837.648450495
2025-07-02,3839485.788637532,3634829.1386079295,2196281.9054839523,3044515.195274463
2025-07-03,3877946.2692901464,3701963.182667863,2225928.73388931,3046193.6669467697
2025-07-04,3882780.8891541786,3709284.023927945,2234615.8706090474,3047873.063977294
2025-07-07,3853960.0513121765,3664507.9994261167,2203215.8200657065,3049553.386876196
2025-07-08,3849103.3718742603,3649717.595422697,2200262.193580996,3051234.636153915
2025-07-09,3814778.2315369295,3597404.5177735793,2171484.078847612,3052916.8123211735
2025-07-10,3808218.5313508464,3574802.9167515878,2159827.5208491283,3054599.9158889744
2025-07-11,3790772.188513248,3541323.749795248,2151045.6153651755,3056283.947368603
2025-07-14,3777160.8165265606,3515507.1732235304,2137019.838261309,3057968.907271627
2025-07-15,3790613.730010791,3536360.8098191703,2136245.8933535507,3059654.796109895
2025-07-16,3792858.7566953762,3530923.659796077,2140368.334596917,3061341.614395539
2025-07-17,3795680.7047648225,3541884.2117188126,2141221.253474855,3063029.3626409713
2025-07-18,3750147.5703638704,3477216.355526242,2106741.218094516,3064718.041358889
2025-07-21,3750644.063717508,3475572.8786762804,2119140.1314126863,3066407.6510622716
2025-07-22,3741227.37971895,3447392.203569979,2117071.0133939856,3068098.1922643785
2025-07-23,3772901.3183311364,3481207.680337707,2138109.6790497852,3069789.665478756
2025-07-24,3749720.4236996025,3435832.6023052256,2113469.800353803,3071482.0712192315
2025-07-25,3752479.4324579407,3429785.8709493,2108984.078847612,3073175.409999915
2025-07-28,3717946.138946763,3379995.1519655003,2086950.3411675512,3074869.682335202
2025-07-29,3724296.315566432,3400004.912162388,2096379.833206975,3076564.888739771
2025-07-30,3744877.6753070382,3446083.9728678674,2116344.4528683345,3078261.0297285826
2025-07-31,3718518.7711165994,3413810.6924153278,2101829.0371493557,3079958.105816882
2025-08-01,3710959.828138856,3414852.7854209156,2091815.137730604,3081656.1175202
2025-08-04,3714766.0720650638,3417616.720217165,2100249.557745767,3083355.0653543505
2025-08-05,3719021.774853717,3422206.339567949,2103092.6206722264,3085054.9498354318
2025-08-06,3757736.1037024967,3492921.9801265867,2125000.0,3086755.7714798255
2025-08-07,3788093.6581075685,3537602.9935817462,2156431.6401314125,3088457.5308042
2025-08-08,3788406.163176593,3534626.6953503652,2146717.841799343,3090160.228325508
2025-08-11,3771754.2889661766,3511646.328462824,2142137.351528936,3091863.864560987
2025-08-12,3814492.5898930416,3581336.495563364,2178323.2246651505,3093568.440028158
2025-08-13,3789629.030491271,3531448.6901087,2158943.0123831187,3095273.9552448303
2025-08-14,3791217.45014229,3523276.2262326484,2153714.93555724,3096980.4107290963
2025-08-15,3801408.1588313784,3533374.3538618865,2153478.013646702,3098687.806999336
2025-08-18,3827006.886491526,3567141.598405978,2168972.706595906,3100396.144574213
2025-08-19,3767458.859047667,3487848.4186340864,2123325.751832196,3102105.4239726784
2025-08-20,3773362.225075712,3495940.9527574177,2127037.528430629,3103815.645713969
2025-08-21,3761349.9330980266,3481806.051121227,2124573.540561031,3105526.810317608
2025-08-22,3829602.6591821024,3567089.6443726257,2179176.1435430883,3107238.9183034045
2025-08-25,3831278.0833461815,3581333.9471571655,2180076.4468031335,3108951.970191454
2025-08-26,3836677.1788463825,3579199.025669193,2176064.5691180187,3110665.966502141
2025-08-27,3870737.8705972023,3627100.0146019217,2198730.0985595146,3112380.907756133
2025-08-28,3909942.504121847,3690755.1752754576,2227839.9039676525,3114096.794474389
2025-08-29,3917512.758215527,3697970.4978488847,2233731.362143038,3115813.6271781507
2025-09-01,3906331.868732408,3688193.402341135,2229040.30831438,3117531.4063889505
2025-09-02,3885468.036735617,3668201.406600127,2216562.4210260296,3119250.1326286076
2025-09-03,3879151.8244624045,3656565.737851308,2209123.0730351275,3120969.8064192273
2025-09-04,3908541.9162296965,3701307.285333282,2226955.3955016425,3122690.428283205
2025-09-05,3947471.9309065724,3751966.232754909,2252969.4212787463,3124411.9987432216
2025-09-08,3926343.6917149085,3714425.7700851955,2239575.4359363155,3126134.518322249
2025-09-09,3926645.1775482357,3708116.3782704086,2236827.1417740714,3127857.9875435457
2025-09-10,3937605.7911693007,3729111.9633666514,2248373.136214304,3129582.4069306585
2025-09-11,3960630.6625306904,3759060.8351762313,2261040.561031084,3131307.777007424
2025-09-12,3948427.087396369,3744476.807851159,2247156.9370735404,3133034.0982979657
2025-09-15,3967623.212568193,3773376.534738382,2267295.299469295,3134761.371326699
2025-09-16,3979348.992886437,3797710.495869294,2275429.618397776,3136489.596618325
2025-09-17,4011944.9889702704,3836883.291919929,2299627.242860753,3138218.7746978374
2025-09-18,4005662.1674903887,3827542.179433274,2298142.5322213797,3139948.906090516
2025-09-19,4004306.5929492456,3822221.10436384,2303907.6320444783,3141679.991321933
2025-09-22,3974747.0951938406,3780529.191298854,2291966.7677533487,3143412.030917949
2025-09-23,3999824.1502995365,3810747.329632236,2312752.716704574,3145145.0254047145
2025-09-24,3991302.5176207484,3801984.4261033335,2313810.9679049784,3146878.9753086707
2025-09-25,3962231.43118873,3757133.501740441,2295078.342178418,3148613.8811565484
2025-09-26,3978811.3618562063,3777741.0493400297,2297305.408137478,3150349.743475369
2025-09-29,3995417.066664526,3803973.573993494,2311362.774829416,3152086.5627924446
2025-09-30,3993237.978848771,3797904.5324077457,2309783.2954258276,3153824.339635378
2025-10-01,3985294.5209142948,3786938.565445172,2298411.0437199897,3155563.0745320627
2025-10-02,3955643.1179828253,3727778.3731738455,2273660.601465757,3157302.7680106834
2025-10-03,3963398.5943568894,3738645.1542412587,2277625.094768764,3159043.420599716
2025-10-06,3945684.4794836575,3711244.41882361,2268258.781905484,3160785.0328279263
2025-10-07,3893462.110820501,3635634.030694997,2232688.905736669,3162527.6052243756
2025-10-08,3901190.456135112,3648343.721145231,2245150.998230983,3164271.1383184115
2025-10-09,3892265.6855216627,3637001.0544696054,2238248.673237301,3166015.632639678
2025-10-10,3876200.6062655253,3611394.0508661363,2222011.6249684105,3167761.088718109
2025-10-13,3891463.238209275,3634389.0272646863,2239433.2827899926,3169507.5070839305
2025-10-14,3885672.0224140277,3624756.5253916997,2237853.8033864037,3171254.888267661
2025-10-15,3903974.467918445,3658694.9363571256,2252400.8086934546,3173003.2328001126
2025-10-16,3896051.5106566707,3647758.1760553992,2246019.711902957,3174752.541212388
2025-10-17,3915361.671527726,3693282.7873840295,2264957.6699519837,3176502.814035884
2025-10-20,3944403.1014987095,3735321.859420826,2282489.891331817,3178254.05180229
2025-10-21,3939381.9207465686,3732668.7413649503,2275792.8986606016,3180006.2550435895
2025-10-22,3953279.286933661,3749390.9455318884,2288239.1963608796,3181759.424292058
2025-10-23,3971009.2789330934,3773642.787431195,2301633.1817033105,3183513.5600802647
2025-10-24,3982106.5185722886,3793038.511208908,2308756.6338134953,3185268.6629410726
2025-10-27,3998998.7864594404,3822134.18603119,2321345.084660096,3187024.733407639
2025-10-28,4003442.6076920372,3830528.4992550206,2328610.6899166033,3188781.772013414
2025-10-29,4022884.8581177597,3851756.7384746852,2347627.62193581,3190539.779292143
2025-10-30,4036896.0127611374,3854046.1148143318,2349949.456659085,3192298.7557778647
2025-10-31,4054063.3108378956,3876634.3018841273,2361953.500126358,3194058.7020049132
2025-11-03,4058321.794467398,3886196.9678236702,2376389.941875158,3195819.6185079156
2025-11-04,4072894.9579251055,3901356.451203024,2380338.6403841292,3197581.5058217957
2025-11-05,4111145.5098262182,3976127.7005574554,2421247.1569370735,3199344.36448177
2025-11-06,4099537.4686558195,3956845.051362593,2421957.9226686885,3201108.195023353
2025-11-07,4105181.998628183,3984441.56197197,2433409.148344706,3202872.9979823516
2025-11-10,4118020.7652378953,4010531.554037544,2452252.3376295175,3204638.7738948693
2025-11-11,4176969.2510408447,4087971.639673058,2491612.9643669445,3206405.5232973057
2025-11-12,4182106.3061324637,4100688.7201437918,2489780.768258782,3208173.246726355
2025-11-13,4171982.123439443,4094190.0629616315,2482341.4202678795,3209941.944719008
2025-11-14,4179640.348520923,4127920.5977063053,2491455.0164265856,3211711.617812551
2025-11-17,4170950.0555580547,4101462.006806667,2479672.100075815,3213482.266544568
2025-11-18,4160067.0223673815,4089993.942052378,2472232.7520849127,3215253.891452937
2025-11-19,4131007.870417353,4043322.1095629046,2454210.892089967,3217026.493075834
2025-11-21,4122133.412507138,4023989.188128101,2444560.272934041,3218800.071951732
2025-11-24,4137381.077970675,4057369.0981388963,2452584.028304271,3220574.6286194
2025-11-25,4150862.1181644197,4077946.4466799144,2462566.3381349505,3222350.163617904
2025-11-26,4199454.763974428,4145228.4487453103,2504343.5683598686,3224126.6774866083
2025-11-27,4201832.586084533,4143723.6038067103,2500189.5375284306,3225904.170765174
2025-11-28,4227984.25008824,4158908.3033151403,2512509.4768764214,3227682.643993559
2025-12-01,4213813.347558286,4132090.808988868,2505228.076825878,3229462.0977120195
2025-12-02,4263887.909231046,4200908.58256556,2544414.9608289106,3231242.5324611086
2025-12-03,4275866.336947433,4212496.545895019,2554886.909274703,3233023.9487816803
2025-12-04,4324348.833265076,4282040.644967418,2597548.6479656305,3234806.347214883
2025-12-05,4182493.0332677327,4074151.912732035,2485610.942633308,3236589.7283021663
2025-12-08,4197324.004944659,4099591.9830611898,2498531.0841546627,3238374.0925852773
2025-12-09,4180382.031785393,4082961.6407193565,2495277.3565832702,3240159.440606261
2025-12-10,4199632.294054606,4097057.624402848,2512556.861258529,3241945.772907462
2025-12-11,4211246.975131654,4104076.172385286,2514357.4677786203,3243733.0900315237
2025-12-12,4236146.9251134945,4150174.8401003387,2539265.857973212,3245521.3925213893
2025-12-15,4265961.197445041,4193631.8333660616,2566369.724538792,3247310.6809203005
2025-12-16,4196633.86660942,4075135.485342984,2504706.848622694,3249100.9557717987
2025-12-17,4162657.051836146,4013845.0681028985,2484947.5612838008,3250892.217619726
2025-12-18,4171862.152845279,4027031.748517859,2494361.2585291886,3252684.467008222
2025-12-19,4175909.137775986,4031615.1534657655,2503048.395248926,3254477.704481728
2025-12-22,4160096.1211530566,3943927.46432809,2497820.3184230477,3256271.930584986
2025-12-23,4208189.568645566,4027994.4609931796,2534369.4718220877,3258067.145863037
2025-12-26,4221817.032888295,4043625.5093900277,2541334.975991913,3259863.3508612234
2025-12-29,4212078.7677655555,4030608.5603225785,2534906.4948193077,3261660.546125187
2025-12-30,4230012.048651378,4058589.572784504,2544936.189032095,3263458.7322008717
2026-01-02,4201971.717377873,4023860.8943929905,2535680.439727066,3265257.9096345217
2026-01-05,4230938.231951658,4053687.891517577,2556703.31058883,3267058.078972683
2026-01-06,4259446.227990807,4090452.610017633,2585039.171089209,3268859.240762201
2026-01-07,4225876.567565591,4037764.72451456,2558361.763962598,3270661.395550226
2026-01-08,4238725.1150124585,4055953.1903508487,2573556.35582512,3272464.543884207
2026-01-09,4247115.176212796,4076948.848011888,2580395.5016426584,3274268.6863118955
2026-01-12,4244677.878584147,4060448.1422536704,2576920.6469547637,3276073.8233813467
2026-01-13,4213792.714055523,3999619.016424035,2558330.1743745264,3277879.955640916
2026-01-14,4249721.150109034,4044937.66070396,2608447.0558503917,3279687.0836392604
2026-01-15,4247772.380115647,4049500.2591629075,2615112.4589335355,3281495.207925342
2026-01-16,4220804.334860595,4005895.602132535,2602982.0571139753,3283304.329048423
2026-01-19,4218967.78372497,4008323.922917951,2603756.0020217337,3285114.4475580715
2026-01-20,4242966.913118747,4038032.2553966264,2626310.9679049784,3286925.564004155
2026-01-21,4345801.924196864,4160974.1918694167,2713814.1268637856,3288737.678936846
2026-01-22,4419725.50911499,4251676.8862038525,2773392.089967147,3290550.7929066215
2026-01-23,4474064.368042268,4316350.818822591,2825041.0664644935,3292364.906464259
2026-01-26,4484550.964438881,4321859.057358759,2822861.384887541,3294180.020160842
2026-01-27,4548259.543104812,4400100.335842892,2873373.136214304,3295996.1345477575
2026-01-28,4593694.521891875,4442339.56348362,2917156.3052817793,3297813.250176695
2026-01-29,4549218.140263432,4379953.352273519,2892563.810967905,3299631.3675996503
2026-01-30,4525503.659894342,4356882.584917099,2864607.025524387,3301450.4873689217
2026-02-02,4565044.574430328,4417363.242588453,2887177.786201668,3303270.610037113
2026-02-03,4607274.596511248,4473132.0978057515,2932682.5878190547,3305091.7361571332
2026-02-04,4526216.212991627,4366043.443155892,2870040.434672732,3306913.8662821944
2026-02-05,4537860.112581954,4388220.432908549,2876658.453373768,3308737.000965815
2026-02-06,4547939.445074143,4424131.147244361,2889657.568865302,3310561.140761818
2026-02-09,4591392.904539618,4492926.747898287,2941638.236037402,3312386.2862243317
2026-02-10,4582882.173097601,4487721.744553405,2936710.2602982055,3314212.4379077903
2026-02-11,4644304.078037273,4563447.699160539,2996256.6338134953,3316039.5963669335
2026-02-12,4605439.2491795365,4509302.877080049,2965725.296942128,3317867.7621568064
2026-02-13,4585773.203674343,4495763.398752653,2945160.4751074044,3319696.935832761
2026-02-18,4588988.485063594,4505701.604980873,2938084.407379328,3321527.1179504553
2026-02-19,4634442.3753932025,4566255.793587913,2977855.698761688,3323358.309065853
2026-02-20,4670587.780452842,4606512.010638189,3009445.2868334595,3325190.5097352243
2026-02-23,4633314.230289848,4551393.619213399,2982910.0328531717,3327023.720515147
2026-02-24,4679113.569423634,4609923.794691137,3024545.1099317665,3328857.9419625043
2026-02-25,4659458.358372407,4577069.319600498,3020722.7697750824,3330693.1746344883
2026-02-26,4671200.184984378,4594616.28615845,3016884.634824362,3332529.419088596
2026-02-27,4621962.359688338,4533214.278897927,2981851.781652767,3334366.675882634
2026-03-02,4609046.809243819,4524453.319072281,2990065.0745514277,3336204.9455747153
2026-03-03,4487468.09973728,4360369.2699775435,2892105.7619408644,3338044.2287232606
2026-03-04,4530682.579812714,4434647.181726181,2927817.791256002,3339884.5258869976
2026-03-05,4443684.567496113,4312260.1631434085,2850391.71089209,3341725.837624965
2026-03-06,4415214.991208619,4277275.835022311,2833033.2322466513,3343568.164496506
2026-03-09,4419328.187353284,4291343.961779215,2857515.1630022745,3345411.5070612743
2026-03-10,4466026.494913789,4349143.025504019,2897507.581501137,3347255.865879233
2026-03-11,4466206.539261381,4343980.786358237,2905752.4639878697,3349101.241510651
2026-03-12,4374347.677994264,4211958.295147722,2831769.6487237806,3350947.6345161083
2026-03-13,4343152.988406666,4177247.5827540723,2805992.544857215,3352795.045456494
2026-03-16,4383117.329907543,4231958.600614559,2841088.5772049534,3354643.474893005
2026-03-17,4385428.970164763,4232895.80762069,2849538.7920141523,3356492.9233871484
2026-03-18,4355657.276201695,4206881.983035305,2837376.80060652,3358343.3915007412
2026-03-19,4360214.471787854,4219291.824296168,2847343.315643164,3360165.830125573
2026-03-20,4291221.347962221,4116863.2588381027,2783342.810209755,3361989.257714949
2026-03-23,4414299.33243944,4286470.88583542,2873578.4685367704,3363813.6748055406
2026-03-24,4411300.924236181,4288515.524292272,2882692.0646954766,3365639.081934311
2026-03-25,4472668.160263801,4366847.134443211,2928733.8893100834,3367465.479638513
2026-03-26,4415759.776933481,4284845.08228024,2886230.0985595146,3369292.868455694
2026-03-27,4373532.100137482,4226349.627850282,2867655.420773313,3371121.24892369
2026-03-30,4382894.861438381,4252100.189382509,2882771.038665656,3372950.621580631
2026-03-31,4483480.322134403,4374841.167143663,2960923.6795552187,3374780.986964938
2026-04-01,4512672.780737125,4403912.904752939,2968678.9234268386,3376612.3456153246
2026-04-02,4499623.171762736,4398917.080645732,2970242.6080363914,3378444.698070796
2026-04-06,4492460.042588945,4385247.159891465,2971980.035380339,3380278.0448706513
2026-04-07,4478379.488895017,4364881.470896299,2973512.1304018195,3382112.3865544815
2026-04-08,4583714.433789482,4497344.134029929,3035775.208491281,3383947.723662169
2026-04-09,4636839.519986095,4577197.079296002,3082022.3654283546,3385784.056733892
2026-04-10,4647049.927141365,4607642.649378445,3116691.938337124,3387621.3863101187
2026-04-13,4656817.417842388,4619978.242967371,3127385.0138994185,3389459.7129316134
2026-04-14,4677644.132028187,4641122.949537252,3137746.3987869597,3391299.037139433
2026-04-15,4662594.843441323,4600805.018000746,3123230.983067981,3393139.3594749277
2026-04-16,4625571.0752325,4552525.51349721,3108715.5673490018,3394980.6804797403
2026-04-17,4649630.0699958075,4561040.8053554585,3091578.2158200657,3396823.0006958093
2026-04-20,4653796.6742765615,4580960.876982534,3097864.5438463483,3398666.3206653674
2026-04-22,4589812.830468703,4487552.164752887,3046642.0267879707,3400510.6409309395
2026-04-23,4541871.915639944,4436002.293214707,3022776.0929997475,3402355.9620353472
2026-04-24,4521347.806648429,4408708.246400817,3012777.9883750314,3404202.2845217055
2026-04-27,4479488.613231061,4349146.576506769,2994361.2585291886,3406049.608933424
2026-04-28,4462525.4022152005,4316411.417362074,2979198.2562547387,3407897.9358142084
2026-04-29,4394305.896424666,4220075.079024466,2918088.1981298965,3409747.2657080567
2026-04-30,4438050.178937566,4283464.1218735855,2958649.2292140513,3411568.070747945
2026-05-04,4404247.261634925,4250476.24760731,2931513.773060399,3413389.8480977244
2026-05-05,4432983.914385063,4276824.46357643,2949740.9653778113,3415212.5982766086
2026-05-06,4480996.665769694,4325068.342594621,2964540.6873894366,3417036.3218040885
2026-05-07,4431911.385602557,4225143.255706362,2893890.5736669195,3418861.019199932
2026-05-08,4445766.592039021,4232029.404279741,2907947.9403588576,3420686.6909841853
2026-05-11,4385120.896976134,4147139.482469381,2873215.188273945,3422513.33767717
2026-05-12,4364276.4195852,4119691.5083967163,2848464.7460197117,3424340.9597994904
2026-05-13,4294579.543971864,4025764.6283709304,2797226.4341672985,3426169.557872023
2026-05-14,4323110.928764556,4065564.5870702653,2817254.2330048014,3427999.1324159265
2026-05-15,4294321.802194687,4025754.0791772925,2800164.265857973,3429829.6839526366
2026-05-18,4277776.995609576,4005767.122198816,2795299.4692949206,3431661.2130038682
2026-05-19,4231819.137116725,3939712.0655961023,2752700.9097801363,3433493.720091612
2026-05-20,4318252.824325287,4055585.4178786315,2801301.491028557,3435327.205738141
2026-05-21,4317374.162759834,4042661.2184269363,2805945.1604751074,3437161.6704660053
2026-05-22,4292567.837813134,4004694.7640653444,2783200.657063432,3438997.1147980345
2026-05-25,4347839.643878694,4063643.140725659,2801348.875410665,3440833.539257337
2026-05-26,4315922.888355157,4029029.1057564793,2789186.8840030325,3442670.9443673003
2026-05-27,4316158.282457784,4007263.816281696,2775840.2830427093,3444509.3306515925
2026-05-28,4306023.724372996,3994716.2881805506,2765084.028304271,3446348.69863416
2026-05-29,4283577.658606298,3966227.5381772034,2744945.6659085164,3448189.048839231
2026-06-01,4256438.46126587,3925498.899967144,2719831.943391458,3450030.3817913113
2026-06-02,4286044.781606138,3957764.5223611197,2751421.5314632296,3451872.698015188
2026-06-03,4214592.014508154,3862278.2848802567,2690343.0629264596,3453715.9980359282
2026-06-05,4201692.131359853,3845095.675403715,2669620.2931513772,3455560.28237888
2026-06-08,4188680.9836024814,3842759.9486164935,2664092.1152388174,3457405.55156967
2026-06-09,4217072.295596928,3882571.280776563,2682161.3596158708,3459251.8061342086
2026-06-10,4184937.8195598978,3844348.3072981345,2663302.375537023,3461099.0465986845
2026-06-11,4240141.597530863,3920145.6831460767,2708759.7927723024,3462947.2734895684
2026-06-12,4238502.222102373,3913766.983171102,2703010.48774324,3464796.4873336116
2026-06-15,4237122.578943301,3914452.914528164,2691669.8256254736,3466646.6886578477
2026-06-16,4223839.3752436815,3891076.7554632435,2679571.0133939856,3468497.877989591
2026-06-17,4189464.3754266873,3848843.32250988,2660696.2345211017,3470350.055856438
2026-06-18,4186514.693062843,3856752.1059699436,2657916.350770786,3472173.0654442795
2026-06-19,4192456.4138078005,3861220.344305675,2662623.19939348,3473997.032677288
2026-06-22,4215190.422315243,3905240.925243121,2690959.059893859,3475821.958058524
2026-06-23,4228279.375812687,3932886.8218918066,2705000.6317917616,3477647.8420913117
2026-06-24,4237184.923466217,3937416.8519081427,2693122.9466767753,3479474.685279241
2026-06-25,4256388.022226071,3961448.6306734057,2716546.626231994,3481302.4881261643
2026-06-26,4285458.470427466,4001735.4770205873,2737158.832448825,3483131.251136202
2026-06-29,4288399.304604612,4000738.0812878613,2735737.300985595,3484960.9748137365
2026-06-30,4269345.013689807,3972561.0650549955,2717083.649229214,3486791.6596634155
2026-07-01,4256551.495454911,3954018.307099243,2711792.393227192,3488623.3061901536
2026-07-02,4276255.907730494,3976048.1528942795,2729150.871872631,3490455.914899128
2026-07-03,4291009.146218893,4004247.44792812,2752495.57745767,3492289.486295784
2026-07-06,4260137.401464755,3959158.586578227,2723780.6419004295,3494124.02088583
2026-07-07,4245918.118031682,3943843.204296036,2717036.2648471063,3495959.5191752412
2026-07-08,4223332.961704487,3903721.2366462657,2695444.7814000505,3497795.9816702595
2026-07-09,4280875.2385846805,3974064.292070628,2728424.31134698,3499633.408877391
2026-07-10,4370833.238797455,4103726.218464595,2809356.8359868587,3501471.801303408
2026-07-13,4323978.850137478,4031956.4120785636,2775761.30907253,3503311.159455351
2026-07-14,4338937.39922275,4053815.803495398,2790008.2132928986,3505151.4838405247
2026-07-15,4318839.230869341,4014609.863351517,2780057.4930502907,3506992.7749665007
2026-07-16,4298467.677232821,3971721.263487949,2745530.073287844,3508835.0333411186
2026-07-17,4278800.641802646,3956132.795116306,2743776.8511498612,3510678.2594724833
2026-07-20,4264497.542041224,3936770.6958890716,2738359.236795552,3512522.4538689665
2026-07-21,4257900.967174289,3917940.4542223113,2737648.4710639375,3514367.617039209
2026-07-22,4314111.708433876,4011914.644379624,2804334.0914834472,3516213.749492116
2026-07-23,4281772.360791215,3967141.1593479738,2791319.181197877,3518060.8517368613
2026-07-24,4240988.032713504,3902802.7032335796,2748957.5435936316,3519908.924282887
2026-07-27,4278457.841716934,3949424.112992304,2769380.212282032,3521757.967639902
2026-07-28,4294307.093115919,3965869.4345529336,2788807.8089461713,3523607.982317883
2026-07-29,4243094.352340456,3884684.9947060477,2746477.7609299975,3525458.9688270744
2026-07-30,4290661.0790210515,3963272.149285007,2798189.9166034875,3527310.9276779885
2026-07-31,4293449.656351489,3972549.938862271,2811457.5435936316,3529163.859381407
2026-08-03,4313708.602225448,3992101.9277243274,2811473.338387667,3531017.7644483787
2026-08-04,4303849.819882179,3987756.5349208,2809814.8850138993,3532872.6433902215
2026-08-05,4309699.337478827,3988741.128601662,2807145.5648218347,3534728.496718521
2026-08-06,4265833.196667424,3939359.42348933,2772712.9138236037,3536554.5374599257
2026-08-07,4224518.761738794,3876323.7403392405,2724807.3035127623,3538381.5215339777
2026-08-10,4199435.542743065,3844235.8724751384,2719547.637098812,3540209.4494280024
2026-08-11,4129436.3689835784,3750658.4812111044,2651551.048774324,3542038.3216295773
2026-08-12,4112700.160260566,3741868.749981488,2645485.847864544,3543868.1386265317
2026-08-13,4131408.449927749,3737998.4621317503,2639325.8781905486,3545698.900906946
2026-08-14,4118673.285900942,3721062.546441758,2636688.1475865557,3547530.6089591547
2026-08-17,4115251.9493927606,3732288.098332312,2634318.928481173,3549363.2632717434
2026-08-18,4085743.50559246,3708825.0186852086,2627227.06595906,3551196.8643335504
2026-08-19,4109918.6445650966,3739721.6892881426,2650840.2830427093,3553031.412633665
2026-08-20,4095986.1949980343,3727212.42524228,2652372.37806419,3554866.908661432
2026-08-21,4159064.509991151,3806565.1258341474,2701415.2135456153,3556703.352906447
2026-08-24,4178710.376160985,3827507.386094691,2715235.6583270156,3558540.745858559
2026-08-25,4257998.704628603,3912427.7135083782,2757407.7584028305,3560379.0880078697
2026-08-26,4247414.471093128,3907844.0712981643,2757549.9115491533,3562218.3798447344
2026-08-27,4255772.921147856,3913688.7648663823,2766221.253474855,3564058.621859763
2026-08-28,4251194.205708587,3908254.922406341,2774592.4943138743,3565899.814543816
2026-08-31,4280701.942177797,3944580.6845650915,2802296.5630528177,3567741.958388009
2026-09-01,4311450.910147607,3981123.1455749976,2838687.768511499,3569585.053883713
2026-09-02,4411571.946193804,4106137.5567244287,2925274.8294162243,3571429.1015225495
2026-09-03,4411618.243110916,4115475.789520381,2925006.3179176142,3573274.1017963965
2026-09-04,4420599.364241798,4120112.0834899824,2924358.731362143,3575120.0551973847
2026-09-08,4451790.963085768,4165560.862227309,2959423.1741218097,3576966.9622179
2026-09-09,4399222.411719421,4107630.9996022126,2931971.82208744,3578814.8233505823
2026-09-10,4452027.678367241,4175470.759596016,2973670.0783421784,3580663.639088325
2026-09-11,4428980.969490792,4133875.4589270637,2956896.007076068,3582513.4099242785
2026-09-14,4390517.574571851,4092735.3177924287,2929950.0884508467,3584364.1363518457
2026-09-15,4398924.787660194,4108509.18523059,2945776.4720748044,3586215.8188646855
2026-09-16,4409841.864001101,4116643.1533043007,2930692.4437705334,3588068.4579567118
2026-09-17,4388563.825667717,4094581.959005488,2937705.3323224667,3589890.7661651387
2026-09-18,4389957.658005882,4088783.4500157465,2925653.904473086,3591713.999887459
2026-09-21,4429293.828233737,4132702.954557278,2947245.3879201417,3593538.159593722
2026-09-22,4432852.342095519,4137434.8140285257,2960307.682587819,3595363.2457542163
2026-09-23,4385381.372914613,4084210.9071132326,2934893.8589840787,3597189.25883947
2026-09-24,4359341.806293228,4053705.2314972198,2905705.079605762,3599016.1993202493
2026-09-25,4369247.117240587,4064343.002233349,2897981.4253222137,3600844.06766756
2026-09-28,4356735.989894809,4048484.468209317,2890305.155420773,3602672.864352647
2026-09-29,4383818.999190239,4073808.44817509,2903525.3980288096,3604502.589846995
2026-09-30,4438759.043722686,4129638.8044103356,2943201.920646955,3606333.2446223265
2026-10-01,4439121.789703914,4135917.860718004,2956745.2161517562,3606333.2446223265
